row_id,num_sold,product
558,0,Mug
559,0,Mug
560,0,Mug
561,0,Mug
562,0,Mug
563,0,Mug
564,0,Mug
565,0,Mug
566,0,Mug
567,0,Mug
568,0,Mug
569,0,Mug
570,0,Mug
571,0,Mug
572,0,Mug
573,0,Mug
574,0,Mug
575,0,Mug
576,0,Mug
577,0,Mug
578,0,Mug
579,0,Mug
580,0,Mug
581,0,Mug
582,0,Mug
583,0,Mug
584,0,Mug
585,0,Mug
586,0,Mug
587,0,Mug
588,0,Mug
589,0,Mug
590,0,Mug
591,0,Mug
592,0,Mug
593,0,Mug
594,0,Mug
595,0,Mug
596,0,Mug
597,0,Mug
598,0,Mug
599,0,Mug
600,0,Mug
601,0,Mug
602,0,Mug
603,0,Mug
604,0,Mug
605,0,Mug
606,0,Mug
607,0,Mug
608,0,Mug
609,0,Mug
610,0,Mug
611,0,Mug
612,0,Mug
613,0,Mug
614,0,Mug
615,0,Mug
616,0,Mug
617,0,Mug
618,0,Mug
619,0,Mug
620,0,Mug
621,0,Mug
622,0,Mug
623,0,Mug
624,0,Mug
625,0,Mug
626,0,Mug
627,0,Mug
628,0,Mug
629,0,Mug
630,0,Mug
631,0,Mug
632,0,Mug
633,0,Mug
634,0,Mug
635,0,Mug
636,0,Mug
637,0,Mug
638,0,Mug
639,0,Mug
640,0,Mug
641,0,Mug
642,0,Mug
643,0,Mug
644,0,Mug
645,0,Mug
646,0,Mug
647,0,Mug
648,0,Mug
649,0,Mug
650,0,Mug
651,0,Mug
652,0,Mug
653,0,Mug
654,0,Mug
655,0,Mug
656,0,Mug
657,0,Mug
658,0,Mug
659,0,Mug
660,0,Mug
661,0,Mug
662,0,Mug
663,0,Mug
664,0,Mug
665,0,Mug
666,0,Mug
667,0,Mug
668,0,Mug
669,0,Mug
670,0,Mug
671,0,Mug
672,0,Mug
673,0,Mug
674,0,Mug
675,0,Mug
676,0,Mug
677,0,Mug
678,0,Mug
679,0,Mug
680,0,Mug
681,0,Mug
682,0,Mug
683,0,Mug
684,0,Mug
685,0,Mug
686,0,Mug
687,0,Mug
688,0,Mug
689,0,Mug
690,0,Mug
691,0,Mug
692,0,Mug
693,0,Mug
694,0,Mug
695,0,Mug
696,0,Mug
697,0,Mug
698,0,Mug
699,0,Mug
700,0,Mug
701,0,Mug
702,0,Mug
703,0,Mug
704,0,Mug
705,0,Mug
706,0,Mug
707,0,Mug
708,0,Mug
709,0,Mug
710,0,Mug
711,0,Mug
712,0,Mug
713,0,Mug
714,0,Mug
715,0,Mug
716,0,Mug
717,0,Mug
718,0,Mug
719,0,Mug
720,0,Mug
721,0,Mug
722,0,Mug
723,0,Mug
724,0,Mug
725,0,Mug
726,0,Mug
727,0,Mug
728,0,Mug
729,0,Mug
730,0,Mug
731,0,Mug
732,0,Mug
733,0,Mug
734,0,Mug
735,0,Mug
736,0,Mug
737,0,Mug
738,0,Mug
739,0,Mug
740,0,Mug
741,0,Mug
742,0,Mug
743,0,Mug
744,0,Mug
745,0,Mug
746,0,Mug
747,0,Mug
748,0,Mug
749,0,Mug
750,0,Mug
751,0,Mug
752,0,Mug
753,0,Mug
754,0,Mug
755,0,Mug
756,0,Mug
757,0,Mug
758,0,Mug
759,0,Mug
760,0,Mug
761,0,Mug
762,0,Mug
763,0,Mug
764,0,Mug
765,0,Mug
766,0,Mug
767,0,Mug
768,0,Mug
769,0,Mug
770,0,Mug
771,0,Mug
772,0,Mug
773,0,Mug
774,0,Mug
775,0,Mug
776,0,Mug
777,0,Mug
778,0,Mug
779,0,Mug
780,0,Mug
781,0,Mug
782,0,Mug
783,0,Mug
784,0,Mug
785,0,Mug
786,0,Mug
787,0,Mug
788,0,Mug
789,0,Mug
790,0,Mug
791,0,Mug
792,0,Mug
793,0,Mug
794,0,Mug
795,0,Mug
796,0,Mug
797,0,Mug
798,0,Mug
799,0,Mug
800,0,Mug
801,0,Mug
802,0,Mug
803,0,Mug
804,0,Mug
805,0,Mug
806,0,Mug
807,0,Mug
808,0,Mug
809,0,Mug
810,0,Mug
811,0,Mug
812,0,Mug
813,0,Mug
814,0,Mug
815,0,Mug
816,0,Mug
817,0,Mug
818,0,Mug
819,0,Mug
820,0,Mug
821,0,Mug
822,0,Mug
823,0,Mug
824,0,Mug
825,0,Mug
826,0,Mug
827,0,Mug
828,0,Mug
829,0,Mug
830,0,Mug
831,0,Mug
832,0,Mug
833,0,Mug
834,0,Mug
835,0,Mug
836,0,Mug
837,0,Mug
838,0,Mug
839,0,Mug
840,0,Mug
841,0,Mug
842,0,Mug
843,0,Mug
844,0,Mug
845,0,Mug
846,0,Mug
847,0,Mug
848,0,Mug
849,0,Mug
850,0,Mug
851,0,Mug
852,0,Mug
853,0,Mug
854,0,Mug
855,0,Mug
856,0,Mug
857,0,Mug
858,0,Mug
859,0,Mug
860,0,Mug
861,0,Mug
862,0,Mug
863,0,Mug
864,0,Mug
865,0,Mug
866,0,Mug
867,0,Mug
868,0,Mug
869,0,Mug
870,0,Mug
871,0,Mug
872,0,Mug
873,0,Mug
874,0,Mug
875,0,Mug
876,0,Mug
877,0,Mug
878,0,Mug
879,0,Mug
880,0,Mug
881,0,Mug
882,0,Mug
883,0,Mug
884,0,Mug
885,0,Mug
886,0,Mug
887,0,Mug
888,0,Mug
889,0,Mug
890,0,Mug
891,0,Mug
892,0,Mug
893,0,Mug
894,0,Mug
895,0,Mug
896,0,Mug
897,0,Mug
898,0,Mug
899,0,Mug
900,0,Mug
901,0,Mug
902,0,Mug
903,0,Mug
904,0,Mug
905,0,Mug
906,0,Mug
907,0,Mug
908,0,Mug
909,0,Mug
910,0,Mug
911,0,Mug
912,0,Mug
913,0,Mug
914,0,Mug
915,0,Mug
916,0,Mug
917,0,Mug
918,0,Mug
919,0,Mug
920,0,Mug
921,0,Mug
922,0,Mug
923,0,Mug
924,0,Mug
925,0,Mug
926,0,Mug
927,0,Mug
928,0,Mug
929,0,Mug
930,0,Mug
931,0,Mug
932,0,Mug
933,0,Mug
934,0,Mug
935,0,Mug
936,0,Mug
937,0,Mug
938,0,Mug
939,0,Mug
940,0,Mug
941,0,Mug
942,0,Mug
943,0,Mug
944,0,Mug
945,0,Mug
946,0,Mug
947,0,Mug
948,0,Mug
949,0,Mug
950,0,Mug
951,0,Mug
952,0,Mug
953,0,Mug
954,0,Mug
955,0,Mug
956,0,Mug
957,0,Mug
958,0,Mug
959,0,Mug
960,0,Mug
961,0,Mug
962,0,Mug
963,0,Mug
964,0,Mug
965,0,Mug
966,0,Mug
967,0,Mug
968,0,Mug
969,0,Mug
970,0,Mug
971,0,Mug
972,0,Mug
973,0,Mug
974,0,Mug
975,0,Mug
976,0,Mug
977,0,Mug
978,0,Mug
979,0,Mug
980,0,Mug
981,0,Mug
982,0,Mug
983,0,Mug
984,0,Mug
985,0,Mug
986,0,Mug
987,0,Mug
988,0,Mug
989,0,Mug
990,0,Mug
991,0,Mug
992,0,Mug
993,0,Mug
994,0,Mug
995,0,Mug
996,0,Mug
997,0,Mug
998,0,Mug
999,0,Mug
1000,0,Mug
1001,0,Mug
1002,0,Mug
1003,0,Mug
1004,0,Mug
1005,0,Mug
1006,0,Mug
1007,0,Mug
1008,0,Mug
1009,0,Mug
1010,0,Mug
1011,0,Mug
1012,0,Mug
1013,0,Mug
1014,0,Mug
1015,0,Mug
1016,0,Mug
1017,0,Mug
1018,0,Mug
1019,0,Mug
1020,0,Mug
1021,0,Mug
1022,0,Mug
1023,0,Mug
1024,0,Mug
1025,0,Mug
1026,0,Mug
1027,0,Mug
1028,0,Mug
1029,0,Mug
1030,0,Mug
1031,0,Mug
1032,0,Mug
1033,0,Mug
1034,0,Mug
1035,0,Mug
1036,0,Mug
1037,0,Mug
1038,0,Mug
1039,0,Mug
1040,0,Mug
1041,0,Mug
1042,0,Mug
1043,0,Mug
1044,0,Mug
1045,0,Mug
1046,0,Mug
1047,0,Mug
1048,0,Mug
1049,0,Mug
1050,0,Mug
1051,0,Mug
1052,0,Mug
1053,0,Mug
1054,0,Mug
1055,0,Mug
1056,0,Mug
1057,0,Mug
1058,0,Mug
1059,0,Mug
1060,0,Mug
1061,0,Mug
1620,0,Mug
1621,0,Mug
1622,0,Mug
1623,0,Mug
1624,0,Mug
1625,0,Mug
1626,0,Mug
1627,0,Mug
1628,0,Mug
1629,0,Mug
1630,0,Mug
1631,0,Mug
1632,0,Mug
1633,0,Mug
1634,0,Mug
1635,0,Mug
1636,0,Mug
1637,0,Mug
1638,0,Mug
1639,0,Mug
1640,0,Mug
1641,0,Mug
1642,0,Mug
1643,0,Mug
1644,0,Mug
1645,0,Mug
1646,0,Mug
1647,0,Mug
1648,0,Mug
1649,0,Mug
1650,0,Mug
1651,0,Mug
1652,0,Mug
1653,0,Mug
1654,0,Mug
1655,0,Mug
1656,0,Mug
1657,0,Mug
1658,0,Mug
1659,0,Mug
1660,0,Mug
1661,0,Mug
1662,0,Mug
1663,0,Mug
1664,0,Mug
1665,0,Mug
1666,0,Mug
1667,0,Mug
1668,0,Mug
1669,0,Mug
1670,0,Mug
1671,0,Mug
1672,0,Mug
1673,0,Mug
1674,0,Mug
1675,0,Mug
1676,0,Mug
1677,0,Mug
1678,0,Mug
1679,0,Mug
1680,0,Mug
1681,0,Mug
1682,0,Mug
1683,0,Mug
1684,0,Mug
1685,0,Mug
1686,0,Mug
1687,0,Mug
1688,0,Mug
1689,0,Mug
1690,0,Mug
1691,0,Mug
1692,0,Mug
1693,0,Mug
1694,0,Mug
1695,0,Mug
1696,0,Mug
1697,0,Mug
1698,0,Mug
1699,0,Mug
1700,0,Mug
1701,0,Mug
1702,0,Mug
1703,0,Mug
1704,0,Mug
1705,0,Mug
1706,0,Mug
1707,0,Mug
1708,0,Mug
1709,0,Mug
1710,0,Mug
1711,0,Mug
1712,0,Mug
1713,0,Mug
1714,0,Mug
1715,0,Mug
1716,0,Mug
1717,0,Mug
1718,0,Mug
1719,0,Mug
1720,0,Mug
1721,0,Mug
1722,0,Mug
1723,0,Mug
1724,0,Mug
1725,0,Mug
1726,0,Mug
1727,0,Mug
1728,0,Mug
1729,0,Mug
1730,0,Mug
1731,0,Mug
1732,0,Mug
1733,0,Mug
1734,0,Mug
1735,0,Mug
1736,0,Mug
1737,0,Mug
1738,0,Mug
1739,0,Mug
1740,0,Mug
1741,0,Mug
1742,0,Mug
1743,0,Mug
1744,0,Mug
1745,0,Mug
1746,0,Mug
1747,0,Mug
1748,0,Mug
1749,0,Mug
1750,0,Mug
1751,0,Mug
1752,0,Mug
1753,0,Mug
1754,0,Mug
1755,0,Mug
1756,0,Mug
1757,0,Mug
1758,0,Mug
1759,0,Mug
1760,0,Mug
1761,0,Mug
1762,0,Mug
1763,0,Mug
1764,0,Mug
1765,0,Mug
1766,0,Mug
1767,0,Mug
1768,0,Mug
1769,0,Mug
1770,0,Mug
1771,0,Mug
1772,0,Mug
1773,0,Mug
1774,0,Mug
1775,0,Mug
1776,0,Mug
1777,0,Mug
1778,0,Mug
1779,0,Mug
1780,0,Mug
1781,0,Mug
1782,0,Mug
1783,0,Mug
1784,0,Mug
1785,0,Mug
1786,0,Mug
1787,0,Mug
1788,0,Mug
1789,0,Mug
1790,0,Mug
1791,0,Mug
1792,0,Mug
1793,0,Mug
1794,0,Mug
1795,0,Mug
1796,0,Mug
1797,0,Mug
1798,0,Mug
1799,0,Mug
1800,0,Mug
1801,0,Mug
1802,0,Mug
1803,0,Mug
1804,0,Mug
1805,0,Mug
1806,0,Mug
1807,0,Mug
1808,0,Mug
1809,0,Mug
1810,0,Mug
1811,0,Mug
1812,0,Mug
1813,0,Mug
1814,0,Mug
1815,0,Mug
1816,0,Mug
1817,0,Mug
1818,0,Mug
1819,0,Mug
1820,0,Mug
1821,0,Mug
1822,0,Mug
1823,0,Mug
1824,0,Mug
1825,0,Mug
1826,0,Mug
1827,0,Mug
1828,0,Mug
1829,0,Mug
1830,0,Mug
1831,0,Mug
1832,0,Mug
1833,0,Mug
1834,0,Mug
1835,0,Mug
1836,0,Mug
1837,0,Mug
1838,0,Mug
1839,0,Mug
1840,0,Mug
1841,0,Mug
1842,0,Mug
1843,0,Mug
1844,0,Mug
1845,0,Mug
1846,0,Mug
1847,0,Mug
1848,0,Mug
1849,0,Mug
1850,0,Mug
1851,0,Mug
1852,0,Mug
1853,0,Mug
1854,0,Mug
1855,0,Mug
1856,0,Mug
1857,0,Mug
1858,0,Mug
1859,0,Mug
1860,0,Mug
1861,0,Mug
1862,0,Mug
1863,0,Mug
1864,0,Mug
1865,0,Mug
1866,0,Mug
1867,0,Mug
1868,0,Mug
1869,0,Mug
1870,0,Mug
1871,0,Mug
1872,0,Mug
1873,0,Mug
1874,0,Mug
1875,0,Mug
1876,0,Mug
1877,0,Mug
1878,0,Mug
1879,0,Mug
1880,0,Mug
1881,0,Mug
1882,0,Mug
1883,0,Mug
1884,0,Mug
1885,0,Mug
1886,0,Mug
1887,0,Mug
1888,0,Mug
1889,0,Mug
1890,0,Mug
1891,0,Mug
1892,0,Mug
1893,0,Mug
1894,0,Mug
1895,0,Mug
1896,0,Mug
1897,0,Mug
1898,0,Mug
1899,0,Mug
1900,0,Mug
1901,0,Mug
1902,0,Mug
1903,0,Mug
1904,0,Mug
1905,0,Mug
1906,0,Mug
1907,0,Mug
1908,0,Mug
1909,0,Mug
1910,0,Mug
1911,0,Mug
1912,0,Mug
1913,0,Mug
1914,0,Mug
1915,0,Mug
1916,0,Mug
1917,0,Mug
1918,0,Mug
1919,0,Mug
1920,0,Mug
1921,0,Mug
1922,0,Mug
1923,0,Mug
1924,0,Mug
1925,0,Mug
1926,0,Mug
1927,0,Mug
1928,0,Mug
1929,0,Mug
1930,0,Mug
1931,0,Mug
1932,0,Mug
1933,0,Mug
1934,0,Mug
1935,0,Mug
1936,0,Mug
1937,0,Mug
1938,0,Mug
1939,0,Mug
1940,0,Mug
1941,0,Mug
1942,0,Mug
1943,0,Mug
1944,0,Mug
1945,0,Mug
1946,0,Mug
1947,0,Mug
1948,0,Mug
1949,0,Mug
1950,0,Mug
1951,0,Mug
1952,0,Mug
1953,0,Mug
1954,0,Mug
1955,0,Mug
1956,0,Mug
1957,0,Mug
1958,0,Mug
1959,0,Mug
1960,0,Mug
1961,0,Mug
1962,0,Mug
1963,0,Mug
1964,0,Mug
1965,0,Mug
1966,0,Mug
1967,0,Mug
1968,0,Mug
1969,0,Mug
1970,0,Mug
1971,0,Mug
1972,0,Mug
1973,0,Mug
1974,0,Mug
1975,0,Mug
1976,0,Mug
1977,0,Mug
1978,0,Mug
1979,0,Mug
1980,0,Mug
1981,0,Mug
1982,0,Mug
1983,0,Mug
1984,0,Mug
1985,0,Mug
1986,0,Mug
1987,0,Mug
1988,0,Mug
1989,0,Mug
1990,0,Mug
1991,0,Mug
1992,0,Mug
1993,0,Mug
1994,0,Mug
1995,0,Mug
1996,0,Mug
1997,0,Mug
1998,0,Mug
1999,0,Mug
2000,0,Mug
2001,0,Mug
2002,0,Mug
2003,0,Mug
2004,0,Mug
2005,0,Mug
2006,0,Mug
2007,0,Mug
2008,0,Mug
2009,0,Mug
2010,0,Mug
2011,0,Mug
2012,0,Mug
2013,0,Mug
2014,0,Mug
2015,0,Mug
2016,0,Mug
2017,0,Mug
2018,0,Mug
2019,0,Mug
2020,0,Mug
2021,0,Mug
2022,0,Mug
2023,0,Mug
2024,0,Mug
2025,0,Mug
2026,0,Mug
2027,0,Mug
2028,0,Mug
2029,0,Mug
2030,0,Mug
2031,0,Mug
2032,0,Mug
2033,0,Mug
2034,0,Mug
2035,0,Mug
2036,0,Mug
2037,0,Mug
2038,0,Mug
2039,0,Mug
2040,0,Mug
2041,0,Mug
2042,0,Mug
2043,0,Mug
2044,0,Mug
2045,0,Mug
2046,0,Mug
2047,0,Mug
2048,0,Mug
2049,0,Mug
2050,0,Mug
2051,0,Mug
2052,0,Mug
2053,0,Mug
2054,0,Mug
2055,0,Mug
2056,0,Mug
2057,0,Mug
2058,0,Mug
2059,0,Mug
2060,0,Mug
2061,0,Mug
2062,0,Mug
2063,0,Mug
2064,0,Mug
2065,0,Mug
2066,0,Mug
2067,0,Mug
2068,0,Mug
2069,0,Mug
2070,0,Mug
2071,0,Mug
2072,0,Mug
2073,0,Mug
2074,0,Mug
2075,0,Mug
2076,0,Mug
2077,0,Mug
2078,0,Mug
2079,0,Mug
2080,0,Mug
2081,0,Mug
2082,0,Mug
2083,0,Mug
2084,0,Mug
2085,0,Mug
2086,0,Mug
2087,0,Mug
2088,0,Mug
2089,0,Mug
2090,0,Mug
2091,0,Mug
2092,0,Mug
2093,0,Mug
2094,0,Mug
2095,0,Mug
2096,0,Mug
2097,0,Mug
2098,0,Mug
2099,0,Mug
2100,0,Mug
2101,0,Mug
2102,0,Mug
2103,0,Mug
2104,0,Mug
2105,0,Mug
2106,0,Mug
2107,0,Mug
2108,0,Mug
2109,0,Mug
2110,0,Mug
2111,0,Mug
2112,0,Mug
2113,0,Mug
2114,0,Mug
2115,0,Mug
2116,0,Mug
2117,0,Mug
2118,0,Mug
2119,0,Mug
2120,0,Mug
2121,0,Mug
2122,0,Mug
2123,0,Mug
2124,0,Mug
2125,0,Mug
2126,0,Mug
2127,0,Mug
2128,0,Mug
2129,0,Mug
2130,0,Mug
2131,0,Mug
2132,0,Mug
2133,0,Mug
2134,0,Mug
2135,0,Mug
2136,0,Mug
2137,0,Mug
2138,0,Mug
2139,0,Mug
2140,0,Mug
2141,0,Mug
2142,0,Mug
2143,0,Mug
2144,0,Mug
2145,0,Mug
2146,0,Mug
2147,0,Mug
2148,0,Mug
2149,0,Mug
2150,0,Mug
2151,0,Mug
2152,0,Mug
2153,0,Mug
2154,0,Mug
2155,0,Mug
2156,0,Mug
2157,0,Mug
2158,0,Mug
2159,0,Mug
2718,0,Mug
2719,0,Mug
2720,0,Mug
2721,0,Mug
2722,0,Mug
2723,0,Mug
2724,0,Mug
2725,0,Mug
2726,0,Mug
2727,0,Mug
2728,0,Mug
2729,0,Mug
2730,0,Mug
2731,0,Mug
2732,0,Mug
2733,0,Mug
2734,0,Mug
2735,0,Mug
2736,0,Mug
2737,0,Mug
2738,0,Mug
2739,0,Mug
2740,0,Mug
2741,0,Mug
2742,0,Mug
2743,0,Mug
2744,0,Mug
2745,0,Mug
2746,0,Mug
2747,0,Mug
2748,0,Mug
2749,0,Mug
2750,0,Mug
2751,0,Mug
2752,0,Mug
2753,0,Mug
2754,0,Mug
2755,0,Mug
2756,0,Mug
2757,0,Mug
2758,0,Mug
2759,0,Mug
2760,0,Mug
2761,0,Mug
2762,0,Mug
2763,0,Mug
2764,0,Mug
2765,0,Mug
2766,0,Mug
2767,0,Mug
2768,0,Mug
2769,0,Mug
2770,0,Mug
2771,0,Mug
2772,0,Mug
2773,0,Mug
2774,0,Mug
2775,0,Mug
2776,0,Mug
2777,0,Mug
2778,0,Mug
2779,0,Mug
2780,0,Mug
2781,0,Mug
2782,0,Mug
2783,0,Mug
2784,0,Mug
2785,0,Mug
2786,0,Mug
2787,0,Mug
2788,0,Mug
2789,0,Mug
2790,0,Mug
2791,0,Mug
2792,0,Mug
2793,0,Mug
2794,0,Mug
2795,0,Mug
2796,0,Mug
2797,0,Mug
2798,0,Mug
2799,0,Mug
2800,0,Mug
2801,0,Mug
2802,0,Mug
2803,0,Mug
2804,0,Mug
2805,0,Mug
2806,0,Mug
2807,0,Mug
2808,0,Mug
2809,0,Mug
2810,0,Mug
2811,0,Mug
2812,0,Mug
2813,0,Mug
2814,0,Mug
2815,0,Mug
2816,0,Mug
2817,0,Mug
2818,0,Mug
2819,0,Mug
2820,0,Mug
2821,0,Mug
2822,0,Mug
2823,0,Mug
2824,0,Mug
2825,0,Mug
2826,0,Mug
2827,0,Mug
2828,0,Mug
2829,0,Mug
2830,0,Mug
2831,0,Mug
2832,0,Mug
2833,0,Mug
2834,0,Mug
2835,0,Mug
2836,0,Mug
2837,0,Mug
2838,0,Mug
2839,0,Mug
2840,0,Mug
2841,0,Mug
2842,0,Mug
2843,0,Mug
2844,0,Mug
2845,0,Mug
2846,0,Mug
2847,0,Mug
2848,0,Mug
2849,0,Mug
2850,0,Mug
2851,0,Mug
2852,0,Mug
2853,0,Mug
2854,0,Mug
2855,0,Mug
2856,0,Mug
2857,0,Mug
2858,0,Mug
2859,0,Mug
2860,0,Mug
2861,0,Mug
2862,0,Mug
2863,0,Mug
2864,0,Mug
2865,0,Mug
2866,0,Mug
2867,0,Mug
2868,0,Mug
2869,0,Mug
2870,0,Mug
2871,0,Mug
2872,0,Mug
2873,0,Mug
2874,0,Mug
2875,0,Mug
2876,0,Mug
2877,0,Mug
2878,0,Mug
2879,0,Mug
2880,0,Mug
2881,0,Mug
2882,0,Mug
2883,0,Mug
2884,0,Mug
2885,0,Mug
2886,0,Mug
2887,0,Mug
2888,0,Mug
2889,0,Mug
2890,0,Mug
2891,0,Mug
2892,0,Mug
2893,0,Mug
2894,0,Mug
2895,0,Mug
2896,0,Mug
2897,0,Mug
2898,0,Mug
2899,0,Mug
2900,0,Mug
2901,0,Mug
2902,0,Mug
2903,0,Mug
2904,0,Mug
2905,0,Mug
2906,0,Mug
2907,0,Mug
2908,0,Mug
2909,0,Mug
2910,0,Mug
2911,0,Mug
2912,0,Mug
2913,0,Mug
2914,0,Mug
2915,0,Mug
2916,0,Mug
2917,0,Mug
2918,0,Mug
2919,0,Mug
2920,0,Mug
2921,0,Mug
2922,0,Mug
2923,0,Mug
2924,0,Mug
2925,0,Mug
2926,0,Mug
2927,0,Mug
2928,0,Mug
2929,0,Mug
2930,0,Mug
2931,0,Mug
2932,0,Mug
2933,0,Mug
2934,0,Mug
2935,0,Mug
2936,0,Mug
2937,0,Mug
2938,0,Mug
2939,0,Mug
2940,0,Mug
2941,0,Mug
2942,0,Mug
2943,0,Mug
2944,0,Mug
2945,0,Mug
2946,0,Mug
2947,0,Mug
2948,0,Mug
2949,0,Mug
2950,0,Mug
2951,0,Mug
2952,0,Mug
2953,0,Mug
2954,0,Mug
2955,0,Mug
2956,0,Mug
2957,0,Mug
2958,0,Mug
2959,0,Mug
2960,0,Mug
2961,0,Mug
2962,0,Mug
2963,0,Mug
2964,0,Mug
2965,0,Mug
2966,0,Mug
2967,0,Mug
2968,0,Mug
2969,0,Mug
2970,0,Mug
2971,0,Mug
2972,0,Mug
2973,0,Mug
2974,0,Mug
2975,0,Mug
2976,0,Mug
2977,0,Mug
2978,0,Mug
2979,0,Mug
2980,0,Mug
2981,0,Mug
2982,0,Mug
2983,0,Mug
2984,0,Mug
2985,0,Mug
2986,0,Mug
2987,0,Mug
2988,0,Mug
2989,0,Mug
2990,0,Mug
2991,0,Mug
2992,0,Mug
2993,0,Mug
2994,0,Mug
2995,0,Mug
2996,0,Mug
2997,0,Mug
2998,0,Mug
2999,0,Mug
3000,0,Mug
3001,0,Mug
3002,0,Mug
3003,0,Mug
3004,0,Mug
3005,0,Mug
3006,0,Mug
3007,0,Mug
3008,0,Mug
3009,0,Mug
3010,0,Mug
3011,0,Mug
3012,0,Mug
3013,0,Mug
3014,0,Mug
3015,0,Mug
3016,0,Mug
3017,0,Mug
3018,0,Mug
3019,0,Mug
3020,0,Mug
3021,0,Mug
3022,0,Mug
3023,0,Mug
3024,0,Mug
3025,0,Mug
3026,0,Mug
3027,0,Mug
3028,0,Mug
3029,0,Mug
3030,0,Mug
3031,0,Mug
3032,0,Mug
3033,0,Mug
3034,0,Mug
3035,0,Mug
3036,0,Mug
3037,0,Mug
3038,0,Mug
3039,0,Mug
3040,0,Mug
3041,0,Mug
3042,0,Mug
3043,0,Mug
3044,0,Mug
3045,0,Mug
3046,0,Mug
3047,0,Mug
3048,0,Mug
3049,0,Mug
3050,0,Mug
3051,0,Mug
3052,0,Mug
3053,0,Mug
3054,0,Mug
3055,0,Mug
3056,0,Mug
3057,0,Mug
3058,0,Mug
3059,0,Mug
3060,0,Mug
3061,0,Mug
3062,0,Mug
3063,0,Mug
3064,0,Mug
3065,0,Mug
3066,0,Mug
3067,0,Mug
3068,0,Mug
3069,0,Mug
3070,0,Mug
3071,0,Mug
3072,0,Mug
3073,0,Mug
3074,0,Mug
3075,0,Mug
3076,0,Mug
3077,0,Mug
3078,0,Mug
3079,0,Mug
3080,0,Mug
3081,0,Mug
3082,0,Mug
3083,0,Mug
3084,0,Mug
3085,0,Mug
3086,0,Mug
3087,0,Mug
3088,0,Mug
3089,0,Mug
3090,0,Mug
3091,0,Mug
3092,0,Mug
3093,0,Mug
3094,0,Mug
3095,0,Mug
3096,0,Mug
3097,0,Mug
3098,0,Mug
3099,0,Mug
3100,0,Mug
3101,0,Mug
3102,0,Mug
3103,0,Mug
3104,0,Mug
3105,0,Mug
3106,0,Mug
3107,0,Mug
3108,0,Mug
3109,0,Mug
3110,0,Mug
3111,0,Mug
3112,0,Mug
3113,0,Mug
3114,0,Mug
3115,0,Mug
3116,0,Mug
3117,0,Mug
3118,0,Mug
3119,0,Mug
3120,0,Mug
3121,0,Mug
3122,0,Mug
3123,0,Mug
3124,0,Mug
3125,0,Mug
3126,0,Mug
3127,0,Mug
3128,0,Mug
3129,0,Mug
3130,0,Mug
3131,0,Mug
3132,0,Mug
3133,0,Mug
3134,0,Mug
3135,0,Mug
3136,0,Mug
3137,0,Mug
3138,0,Mug
3139,0,Mug
3140,0,Mug
3141,0,Mug
3142,0,Mug
3143,0,Mug
3144,0,Mug
3145,0,Mug
3146,0,Mug
3147,0,Mug
3148,0,Mug
3149,0,Mug
3150,0,Mug
3151,0,Mug
3152,0,Mug
3153,0,Mug
3154,0,Mug
3155,0,Mug
3156,0,Mug
3157,0,Mug
3158,0,Mug
3159,0,Mug
3160,0,Mug
3161,0,Mug
3162,0,Mug
3163,0,Mug
3164,0,Mug
3165,0,Mug
3166,0,Mug
3167,0,Mug
3168,0,Mug
3169,0,Mug
3170,0,Mug
3171,0,Mug
3172,0,Mug
3173,0,Mug
3174,0,Mug
3175,0,Mug
3176,0,Mug
3177,0,Mug
3178,0,Mug
3179,0,Mug
3180,0,Mug
3181,0,Mug
3182,0,Mug
3183,0,Mug
3184,0,Mug
3185,0,Mug
3186,0,Mug
3187,0,Mug
3188,0,Mug
3189,0,Mug
3190,0,Mug
3191,0,Mug
3192,0,Mug
3193,0,Mug
3194,0,Mug
3195,0,Mug
3196,0,Mug
3197,0,Mug
3198,0,Mug
3199,0,Mug
3200,0,Mug
3201,0,Mug
3202,0,Mug
3203,0,Mug
3204,0,Mug
3205,0,Mug
3206,0,Mug
3207,0,Mug
3208,0,Mug
3209,0,Mug
3210,0,Mug
3211,0,Mug
3212,0,Mug
3213,0,Mug
3214,0,Mug
3215,0,Mug
3216,0,Mug
3217,0,Mug
3218,0,Mug
3219,0,Mug
3220,0,Mug
3221,0,Mug
3222,0,Mug
3223,0,Mug
3224,0,Mug
3225,0,Mug
3226,0,Mug
3227,0,Mug
3228,0,Mug
3229,0,Mug
3230,0,Mug
3231,0,Mug
3232,0,Mug
3233,0,Mug
3234,0,Mug
3235,0,Mug
3236,0,Mug
3237,0,Mug
3238,0,Mug
3239,0,Mug
3240,0,Mug
3241,0,Mug
3242,0,Mug
3243,0,Mug
3244,0,Mug
3245,0,Mug
3246,0,Mug
3247,0,Mug
3248,0,Mug
3249,0,Mug
3250,0,Mug
3251,0,Mug
3252,0,Mug
3253,0,Mug
3254,0,Mug
3255,0,Mug
3256,0,Mug
3257,0,Mug
3816,0,Mug
3817,0,Mug
3818,0,Mug
3819,0,Mug
3820,0,Mug
3821,0,Mug
3822,0,Mug
3823,0,Mug
3824,0,Mug
3825,0,Mug
3826,0,Mug
3827,0,Mug
3828,0,Mug
3829,0,Mug
3830,0,Mug
3831,0,Mug
3832,0,Mug
3833,0,Mug
3834,0,Mug
3835,0,Mug
3836,0,Mug
3837,0,Mug
3838,0,Mug
3839,0,Mug
3840,0,Mug
3841,0,Mug
3842,0,Mug
3843,0,Mug
3844,0,Mug
3845,0,Mug
3846,0,Mug
3847,0,Mug
3848,0,Mug
3849,0,Mug
3850,0,Mug
3851,0,Mug
3852,0,Mug
3853,0,Mug
3854,0,Mug
3855,0,Mug
3856,0,Mug
3857,0,Mug
3858,0,Mug
3859,0,Mug
3860,0,Mug
3861,0,Mug
3862,0,Mug
3863,0,Mug
3864,0,Mug
3865,0,Mug
3866,0,Mug
3867,0,Mug
3868,0,Mug
3869,0,Mug
3870,0,Mug
3871,0,Mug
3872,0,Mug
3873,0,Mug
3874,0,Mug
3875,0,Mug
3876,0,Mug
3877,0,Mug
3878,0,Mug
3879,0,Mug
3880,0,Mug
3881,0,Mug
3882,0,Mug
3883,0,Mug
3884,0,Mug
3885,0,Mug
3886,0,Mug
3887,0,Mug
3888,0,Mug
3889,0,Mug
3890,0,Mug
3891,0,Mug
3892,0,Mug
3893,0,Mug
3894,0,Mug
3895,0,Mug
3896,0,Mug
3897,0,Mug
3898,0,Mug
3899,0,Mug
3900,0,Mug
3901,0,Mug
3902,0,Mug
3903,0,Mug
3904,0,Mug
3905,0,Mug
3906,0,Mug
3907,0,Mug
3908,0,Mug
3909,0,Mug
3910,0,Mug
3911,0,Mug
3912,0,Mug
3913,0,Mug
3914,0,Mug
3915,0,Mug
3916,0,Mug
3917,0,Mug
3918,0,Mug
3919,0,Mug
3920,0,Mug
3921,0,Mug
3922,0,Mug
3923,0,Mug
3924,0,Mug
3925,0,Mug
3926,0,Mug
3927,0,Mug
3928,0,Mug
3929,0,Mug
3930,0,Mug
3931,0,Mug
3932,0,Mug
3933,0,Mug
3934,0,Mug
3935,0,Mug
3936,0,Mug
3937,0,Mug
3938,0,Mug
3939,0,Mug
3940,0,Mug
3941,0,Mug
3942,0,Mug
3943,0,Mug
3944,0,Mug
3945,0,Mug
3946,0,Mug
3947,0,Mug
3948,0,Mug
3949,0,Mug
3950,0,Mug
3951,0,Mug
3952,0,Mug
3953,0,Mug
3954,0,Mug
3955,0,Mug
3956,0,Mug
3957,0,Mug
3958,0,Mug
3959,0,Mug
3960,0,Mug
3961,0,Mug
3962,0,Mug
3963,0,Mug
3964,0,Mug
3965,0,Mug
3966,0,Mug
3967,0,Mug
3968,0,Mug
3969,0,Mug
3970,0,Mug
3971,0,Mug
3972,0,Mug
3973,0,Mug
3974,0,Mug
3975,0,Mug
3976,0,Mug
3977,0,Mug
3978,0,Mug
3979,0,Mug
3980,0,Mug
3981,0,Mug
3982,0,Mug
3983,0,Mug
3984,0,Mug
3985,0,Mug
3986,0,Mug
3987,0,Mug
3988,0,Mug
3989,0,Mug
3990,0,Mug
3991,0,Mug
3992,0,Mug
3993,0,Mug
3994,0,Mug
3995,0,Mug
3996,0,Mug
3997,0,Mug
3998,0,Mug
3999,0,Mug
4000,0,Mug
4001,0,Mug
4002,0,Mug
4003,0,Mug
4004,0,Mug
4005,0,Mug
4006,0,Mug
4007,0,Mug
4008,0,Mug
4009,0,Mug
4010,0,Mug
4011,0,Mug
4012,0,Mug
4013,0,Mug
4014,0,Mug
4015,0,Mug
4016,0,Mug
4017,0,Mug
4018,0,Mug
4019,0,Mug
4020,0,Mug
4021,0,Mug
4022,0,Mug
4023,0,Mug
4024,0,Mug
4025,0,Mug
4026,0,Mug
4027,0,Mug
4028,0,Mug
4029,0,Mug
4030,0,Mug
4031,0,Mug
4032,0,Mug
4033,0,Mug
4034,0,Mug
4035,0,Mug
4036,0,Mug
4037,0,Mug
4038,0,Mug
4039,0,Mug
4040,0,Mug
4041,0,Mug
4042,0,Mug
4043,0,Mug
4044,0,Mug
4045,0,Mug
4046,0,Mug
4047,0,Mug
4048,0,Mug
4049,0,Mug
4050,0,Mug
4051,0,Mug
4052,0,Mug
4053,0,Mug
4054,0,Mug
4055,0,Mug
4056,0,Mug
4057,0,Mug
4058,0,Mug
4059,0,Mug
4060,0,Mug
4061,0,Mug
4062,0,Mug
4063,0,Mug
4064,0,Mug
4065,0,Mug
4066,0,Mug
4067,0,Mug
4068,0,Mug
4069,0,Mug
4070,0,Mug
4071,0,Mug
4072,0,Mug
4073,0,Mug
4074,0,Mug
4075,0,Mug
4076,0,Mug
4077,0,Mug
4078,0,Mug
4079,0,Mug
4080,0,Mug
4081,0,Mug
4082,0,Mug
4083,0,Mug
4084,0,Mug
4085,0,Mug
4086,0,Mug
4087,0,Mug
4088,0,Mug
4089,0,Mug
4090,0,Mug
4091,0,Mug
4092,0,Mug
4093,0,Mug
4094,0,Mug
4095,0,Mug
4096,0,Mug
4097,0,Mug
4098,0,Mug
4099,0,Mug
4100,0,Mug
4101,0,Mug
4102,0,Mug
4103,0,Mug
4104,0,Mug
4105,0,Mug
4106,0,Mug
4107,0,Mug
4108,0,Mug
4109,0,Mug
4110,0,Mug
4111,0,Mug
4112,0,Mug
4113,0,Mug
4114,0,Mug
4115,0,Mug
4116,0,Mug
4117,0,Mug
4118,0,Mug
4119,0,Mug
4120,0,Mug
4121,0,Mug
4122,0,Mug
4123,0,Mug
4124,0,Mug
4125,0,Mug
4126,0,Mug
4127,0,Mug
4128,0,Mug
4129,0,Mug
4130,0,Mug
4131,0,Mug
4132,0,Mug
4133,0,Mug
4134,0,Mug
4135,0,Mug
4136,0,Mug
4137,0,Mug
4138,0,Mug
4139,0,Mug
4140,0,Mug
4141,0,Mug
4142,0,Mug
4143,0,Mug
4144,0,Mug
4145,0,Mug
4146,0,Mug
4147,0,Mug
4148,0,Mug
4149,0,Mug
4150,0,Mug
4151,0,Mug
4152,0,Mug
4153,0,Mug
4154,0,Mug
4155,0,Mug
4156,0,Mug
4157,0,Mug
4158,0,Mug
4159,0,Mug
4160,0,Mug
4161,0,Mug
4162,0,Mug
4163,0,Mug
4164,0,Mug
4165,0,Mug
4166,0,Mug
4167,0,Mug
4168,0,Mug
4169,0,Mug
4170,0,Mug
4171,0,Mug
4172,0,Mug
4173,0,Mug
4174,0,Mug
4175,0,Mug
4176,0,Mug
4177,0,Mug
4178,0,Mug
4179,0,Mug
4180,0,Mug
4181,0,Mug
4182,0,Mug
4183,0,Mug
4184,0,Mug
4185,0,Mug
4186,0,Mug
4187,0,Mug
4188,0,Mug
4189,0,Mug
4190,0,Mug
4191,0,Mug
4192,0,Mug
4193,0,Mug
4194,0,Mug
4195,0,Mug
4196,0,Mug
4197,0,Mug
4198,0,Mug
4199,0,Mug
4200,0,Mug
4201,0,Mug
4202,0,Mug
4203,0,Mug
4204,0,Mug
4205,0,Mug
4206,0,Mug
4207,0,Mug
4208,0,Mug
4209,0,Mug
4210,0,Mug
4211,0,Mug
4212,0,Mug
4213,0,Mug
4214,0,Mug
4215,0,Mug
4216,0,Mug
4217,0,Mug
4218,0,Mug
4219,0,Mug
4220,0,Mug
4221,0,Mug
4222,0,Mug
4223,0,Mug
4224,0,Mug
4225,0,Mug
4226,0,Mug
4227,0,Mug
4228,0,Mug
4229,0,Mug
4230,0,Mug
4231,0,Mug
4232,0,Mug
4233,0,Mug
4234,0,Mug
4235,0,Mug
4236,0,Mug
4237,0,Mug
4238,0,Mug
4239,0,Mug
4240,0,Mug
4241,0,Mug
4242,0,Mug
4243,0,Mug
4244,0,Mug
4245,0,Mug
4246,0,Mug
4247,0,Mug
4248,0,Mug
4249,0,Mug
4250,0,Mug
4251,0,Mug
4252,0,Mug
4253,0,Mug
4254,0,Mug
4255,0,Mug
4256,0,Mug
4257,0,Mug
4258,0,Mug
4259,0,Mug
4260,0,Mug
4261,0,Mug
4262,0,Mug
4263,0,Mug
4264,0,Mug
4265,0,Mug
4266,0,Mug
4267,0,Mug
4268,0,Mug
4269,0,Mug
4270,0,Mug
4271,0,Mug
4272,0,Mug
4273,0,Mug
4274,0,Mug
4275,0,Mug
4276,0,Mug
4277,0,Mug
4278,0,Mug
4279,0,Mug
4280,0,Mug
4281,0,Mug
4282,0,Mug
4283,0,Mug
4284,0,Mug
4285,0,Mug
4286,0,Mug
4287,0,Mug
4288,0,Mug
4289,0,Mug
4290,0,Mug
4291,0,Mug
4292,0,Mug
4293,0,Mug
4294,0,Mug
4295,0,Mug
4296,0,Mug
4297,0,Mug
4298,0,Mug
4299,0,Mug
4300,0,Mug
4301,0,Mug
4302,0,Mug
4303,0,Mug
4304,0,Mug
4305,0,Mug
4306,0,Mug
4307,0,Mug
4308,0,Mug
4309,0,Mug
4310,0,Mug
4311,0,Mug
4312,0,Mug
4313,0,Mug
4314,0,Mug
4315,0,Mug
4316,0,Mug
4317,0,Mug
4318,0,Mug
4319,0,Mug
4320,0,Mug
4321,0,Mug
4322,0,Mug
4323,0,Mug
4324,0,Mug
4325,0,Mug
4326,0,Mug
4327,0,Mug
4328,0,Mug
4329,0,Mug
4330,0,Mug
4331,0,Mug
4332,0,Mug
4333,0,Mug
4334,0,Mug
4335,0,Mug
4336,0,Mug
4337,0,Mug
4338,0,Mug
4339,0,Mug
4340,0,Mug
4341,0,Mug
4342,0,Mug
4343,0,Mug
4344,0,Mug
4345,0,Mug
4346,0,Mug
4347,0,Mug
4348,0,Mug
4349,0,Mug
4350,0,Mug
4351,0,Mug
4352,0,Mug
4353,0,Mug
4354,0,Mug
4355,0,Mug
4356,0,Mug
4357,0,Mug
4358,0,Mug
4359,0,Mug
4360,0,Mug
4361,0,Mug
4362,0,Mug
4363,0,Mug
4364,0,Mug
4365,0,Mug
4366,0,Mug
4367,0,Mug
4368,0,Mug
4369,0,Mug
4370,0,Mug
4371,0,Mug
4372,0,Mug
4373,0,Mug
7128,0,Mug
7129,0,Mug
7130,0,Mug
7131,0,Mug
7132,0,Mug
7133,0,Mug
7134,0,Mug
7135,0,Mug
7136,0,Mug
7137,0,Mug
7138,0,Mug
7139,0,Mug
7140,0,Mug
7141,0,Mug
7142,0,Mug
7143,0,Mug
7144,0,Mug
7145,0,Mug
7146,0,Mug
7147,0,Mug
7148,0,Mug
7149,0,Mug
7150,0,Mug
7151,0,Mug
7152,0,Mug
7153,0,Mug
7154,0,Mug
7155,0,Mug
7156,0,Mug
7157,0,Mug
7158,0,Mug
7159,0,Mug
7160,0,Mug
7161,0,Mug
7162,0,Mug
7163,0,Mug
7164,0,Mug
7165,0,Mug
7166,0,Mug
7167,0,Mug
7168,0,Mug
7169,0,Mug
7170,0,Mug
7171,0,Mug
7172,0,Mug
7173,0,Mug
7174,0,Mug
7175,0,Mug
7176,0,Mug
7177,0,Mug
7178,0,Mug
7179,0,Mug
7180,0,Mug
7181,0,Mug
7182,0,Mug
7183,0,Mug
7184,0,Mug
7185,0,Mug
7186,0,Mug
7187,0,Mug
7188,0,Mug
7189,0,Mug
7190,0,Mug
7191,0,Mug
7192,0,Mug
7193,0,Mug
7194,0,Mug
7195,0,Mug
7196,0,Mug
7197,0,Mug
7198,0,Mug
7199,0,Mug
7200,0,Mug
7201,0,Mug
7202,0,Mug
7203,0,Mug
7204,0,Mug
7205,0,Mug
7206,0,Mug
7207,0,Mug
7208,0,Mug
7209,0,Mug
7210,0,Mug
7211,0,Mug
7212,0,Mug
7213,0,Mug
7214,0,Mug
7215,0,Mug
7216,0,Mug
7217,0,Mug
7218,0,Mug
7219,0,Mug
7220,0,Mug
7221,0,Mug
7222,0,Mug
7223,0,Mug
7224,0,Mug
7225,0,Mug
7226,0,Mug
7227,0,Mug
7228,0,Mug
7229,0,Mug
7230,0,Mug
7231,0,Mug
7232,0,Mug
7233,0,Mug
7234,0,Mug
7235,0,Mug
7236,0,Mug
7237,0,Mug
7238,0,Mug
7239,0,Mug
7240,0,Mug
7241,0,Mug
7242,0,Mug
7243,0,Mug
7244,0,Mug
7245,0,Mug
7246,0,Mug
7247,0,Mug
7248,0,Mug
7249,0,Mug
7250,0,Mug
7251,0,Mug
7252,0,Mug
7253,0,Mug
7254,0,Mug
7255,0,Mug
7256,0,Mug
7257,0,Mug
7258,0,Mug
7259,0,Mug
7260,0,Mug
7261,0,Mug
7262,0,Mug
7263,0,Mug
7264,0,Mug
7265,0,Mug
7266,0,Mug
7267,0,Mug
7268,0,Mug
7269,0,Mug
7270,0,Mug
7271,0,Mug
7272,0,Mug
7273,0,Mug
7274,0,Mug
7275,0,Mug
7276,0,Mug
7277,0,Mug
7278,0,Mug
7279,0,Mug
7280,0,Mug
7281,0,Mug
7282,0,Mug
7283,0,Mug
7284,0,Mug
7285,0,Mug
7286,0,Mug
7287,0,Mug
7288,0,Mug
7289,0,Mug
7290,0,Mug
7291,0,Mug
7292,0,Mug
7293,0,Mug
7294,0,Mug
7295,0,Mug
7296,0,Mug
7297,0,Mug
7298,0,Mug
7299,0,Mug
7300,0,Mug
7301,0,Mug
7302,0,Mug
7303,0,Mug
7304,0,Mug
7305,0,Mug
7306,0,Mug
7307,0,Mug
7308,0,Mug
7309,0,Mug
7310,0,Mug
7311,0,Mug
7312,0,Mug
7313,0,Mug
7314,0,Mug
7315,0,Mug
7316,0,Mug
7317,0,Mug
7318,0,Mug
7319,0,Mug
7320,0,Mug
7321,0,Mug
7322,0,Mug
7323,0,Mug
7324,0,Mug
7325,0,Mug
7326,0,Mug
7327,0,Mug
7328,0,Mug
7329,0,Mug
7330,0,Mug
7331,0,Mug
7332,0,Mug
7333,0,Mug
7334,0,Mug
7335,0,Mug
7336,0,Mug
7337,0,Mug
7338,0,Mug
7339,0,Mug
7340,0,Mug
7341,0,Mug
7342,0,Mug
7343,0,Mug
7344,0,Mug
7345,0,Mug
7346,0,Mug
7347,0,Mug
7348,0,Mug
7349,0,Mug
7350,0,Mug
7351,0,Mug
7352,0,Mug
7353,0,Mug
7354,0,Mug
7355,0,Mug
7356,0,Mug
7357,0,Mug
7358,0,Mug
7359,0,Mug
7360,0,Mug
7361,0,Mug
7362,0,Mug
7363,0,Mug
7364,0,Mug
7365,0,Mug
7366,0,Mug
7367,0,Mug
7368,0,Mug
7369,0,Mug
7370,0,Mug
7371,0,Mug
7372,0,Mug
7373,0,Mug
7374,0,Mug
7375,0,Mug
7376,0,Mug
7377,0,Mug
7378,0,Mug
7379,0,Mug
7380,0,Mug
7381,0,Mug
7382,0,Mug
7383,0,Mug
7384,0,Mug
7385,0,Mug
7386,0,Mug
7387,0,Mug
7388,0,Mug
7389,0,Mug
7390,0,Mug
7391,0,Mug
7392,0,Mug
7393,0,Mug
7394,0,Mug
7395,0,Mug
7396,0,Mug
7397,0,Mug
7398,0,Mug
7399,0,Mug
7400,0,Mug
7401,0,Mug
7402,0,Mug
7403,0,Mug
7404,0,Mug
7405,0,Mug
7406,0,Mug
7407,0,Mug
7408,0,Mug
7409,0,Mug
7410,0,Mug
7411,0,Mug
7412,0,Mug
7413,0,Mug
7414,0,Mug
7415,0,Mug
7416,0,Mug
7417,0,Mug
7418,0,Mug
7419,0,Mug
7420,0,Mug
7421,0,Mug
7422,0,Mug
7423,0,Mug
7424,0,Mug
7425,0,Mug
7426,0,Mug
7427,0,Mug
7428,0,Mug
7429,0,Mug
7430,0,Mug
7431,0,Mug
7432,0,Mug
7433,0,Mug
7434,0,Mug
7435,0,Mug
7436,0,Mug
7437,0,Mug
7438,0,Mug
7439,0,Mug
7440,0,Mug
7441,0,Mug
7442,0,Mug
7443,0,Mug
7444,0,Mug
7445,0,Mug
7446,0,Mug
7447,0,Mug
7448,0,Mug
7449,0,Mug
7450,0,Mug
7451,0,Mug
7452,0,Mug
7453,0,Mug
7454,0,Mug
7455,0,Mug
7456,0,Mug
7457,0,Mug
7458,0,Mug
7459,0,Mug
7460,0,Mug
7461,0,Mug
7462,0,Mug
7463,0,Mug
7464,0,Mug
7465,0,Mug
7466,0,Mug
7467,0,Mug
7468,0,Mug
7469,0,Mug
7470,0,Mug
7471,0,Mug
7472,0,Mug
7473,0,Mug
7474,0,Mug
7475,0,Mug
7476,0,Mug
7477,0,Mug
7478,0,Mug
7479,0,Mug
7480,0,Mug
7481,0,Mug
7482,0,Mug
7483,0,Mug
7484,0,Mug
7485,0,Mug
7486,0,Mug
7487,0,Mug
7488,0,Mug
7489,0,Mug
7490,0,Mug
7491,0,Mug
7492,0,Mug
7493,0,Mug
7494,0,Mug
7495,0,Mug
7496,0,Mug
7497,0,Mug
7498,0,Mug
7499,0,Mug
7500,0,Mug
7501,0,Mug
7502,0,Mug
7503,0,Mug
7504,0,Mug
7505,0,Mug
7506,0,Mug
7507,0,Mug
7508,0,Mug
7509,0,Mug
7510,0,Mug
7511,0,Mug
7512,0,Mug
7513,0,Mug
7514,0,Mug
7515,0,Mug
7516,0,Mug
7517,0,Mug
7518,0,Mug
7519,0,Mug
7520,0,Mug
7521,0,Mug
7522,0,Mug
7523,0,Mug
7524,0,Mug
7525,0,Mug
7526,0,Mug
7527,0,Mug
7528,0,Mug
7529,0,Mug
7530,0,Mug
7531,0,Mug
7532,0,Mug
7533,0,Mug
7534,0,Mug
7535,0,Mug
7536,0,Mug
7537,0,Mug
7538,0,Mug
7539,0,Mug
7540,0,Mug
7541,0,Mug
7542,0,Mug
7543,0,Mug
7544,0,Mug
7545,0,Mug
7546,0,Mug
7547,0,Mug
7548,0,Mug
7549,0,Mug
7550,0,Mug
7551,0,Mug
7552,0,Mug
7553,0,Mug
7554,0,Mug
7555,0,Mug
7556,0,Mug
7557,0,Mug
7558,0,Mug
7559,0,Mug
7560,0,Mug
7561,0,Mug
7562,0,Mug
7563,0,Mug
7564,0,Mug
7565,0,Mug
7566,0,Mug
7567,0,Mug
7568,0,Mug
7569,0,Mug
7570,0,Mug
7571,0,Mug
7572,0,Mug
7573,0,Mug
7574,0,Mug
7575,0,Mug
7576,0,Mug
7577,0,Mug
7578,0,Mug
7579,0,Mug
7580,0,Mug
7581,0,Mug
7582,0,Mug
7583,0,Mug
7584,0,Mug
7585,0,Mug
7586,0,Mug
7587,0,Mug
7588,0,Mug
7589,0,Mug
7590,0,Mug
7591,0,Mug
7592,0,Mug
7593,0,Mug
7594,0,Mug
7595,0,Mug
7596,0,Mug
7597,0,Mug
7598,0,Mug
7599,0,Mug
7600,0,Mug
7601,0,Mug
7602,0,Mug
7603,0,Mug
7604,0,Mug
7605,0,Mug
7606,0,Mug
7607,0,Mug
7608,0,Mug
7609,0,Mug
7610,0,Mug
7611,0,Mug
7612,0,Mug
7613,0,Mug
7614,0,Mug
7615,0,Mug
7616,0,Mug
7617,0,Mug
7618,0,Mug
7619,0,Mug
7620,0,Mug
7621,0,Mug
7622,0,Mug
7623,0,Mug
7624,0,Mug
7625,0,Mug
7626,0,Mug
7627,0,Mug
7628,0,Mug
7629,0,Mug
7630,0,Mug
7631,0,Mug
7632,0,Mug
7633,0,Mug
7634,0,Mug
7635,0,Mug
7636,0,Mug
7637,0,Mug
7638,0,Mug
7639,0,Mug
7640,0,Mug
7641,0,Mug
7642,0,Mug
7643,0,Mug
7644,0,Mug
7645,0,Mug
7646,0,Mug
7647,0,Mug
7648,0,Mug
7649,0,Mug
8208,0,Mug
8209,0,Mug
8210,0,Mug
8211,0,Mug
8212,0,Mug
8213,0,Mug
8214,0,Mug
8215,0,Mug
8216,0,Mug
8217,0,Mug
8218,0,Mug
8219,0,Mug
8220,0,Mug
8221,0,Mug
8222,0,Mug
8223,0,Mug
8224,0,Mug
8225,0,Mug
8226,0,Mug
8227,0,Mug
8228,0,Mug
8229,0,Mug
8230,0,Mug
8231,0,Mug
8232,0,Mug
8233,0,Mug
8234,0,Mug
8235,0,Mug
8236,0,Mug
8237,0,Mug
8238,0,Mug
8239,0,Mug
8240,0,Mug
8241,0,Mug
8242,0,Mug
8243,0,Mug
8244,0,Mug
8245,0,Mug
8246,0,Mug
8247,0,Mug
8248,0,Mug
8249,0,Mug
8250,0,Mug
8251,0,Mug
8252,0,Mug
8253,0,Mug
8254,0,Mug
8255,0,Mug
8256,0,Mug
8257,0,Mug
8258,0,Mug
8259,0,Mug
8260,0,Mug
8261,0,Mug
8262,0,Mug
8263,0,Mug
8264,0,Mug
8265,0,Mug
8266,0,Mug
8267,0,Mug
8268,0,Mug
8269,0,Mug
8270,0,Mug
8271,0,Mug
8272,0,Mug
8273,0,Mug
8274,0,Mug
8275,0,Mug
8276,0,Mug
8277,0,Mug
8278,0,Mug
8279,0,Mug
8280,0,Mug
8281,0,Mug
8282,0,Mug
8283,0,Mug
8284,0,Mug
8285,0,Mug
8286,0,Mug
8287,0,Mug
8288,0,Mug
8289,0,Mug
8290,0,Mug
8291,0,Mug
8292,0,Mug
8293,0,Mug
8294,0,Mug
8295,0,Mug
8296,0,Mug
8297,0,Mug
8298,0,Mug
8299,0,Mug
8300,0,Mug
8301,0,Mug
8302,0,Mug
8303,0,Mug
8304,0,Mug
8305,0,Mug
8306,0,Mug
8307,0,Mug
8308,0,Mug
8309,0,Mug
8310,0,Mug
8311,0,Mug
8312,0,Mug
8313,0,Mug
8314,0,Mug
8315,0,Mug
8316,0,Mug
8317,0,Mug
8318,0,Mug
8319,0,Mug
8320,0,Mug
8321,0,Mug
8322,0,Mug
8323,0,Mug
8324,0,Mug
8325,0,Mug
8326,0,Mug
8327,0,Mug
8328,0,Mug
8329,0,Mug
8330,0,Mug
8331,0,Mug
8332,0,Mug
8333,0,Mug
8334,0,Mug
8335,0,Mug
8336,0,Mug
8337,0,Mug
8338,0,Mug
8339,0,Mug
8340,0,Mug
8341,0,Mug
8342,0,Mug
8343,0,Mug
8344,0,Mug
8345,0,Mug
8346,0,Mug
8347,0,Mug
8348,0,Mug
8349,0,Mug
8350,0,Mug
8351,0,Mug
8352,0,Mug
8353,0,Mug
8354,0,Mug
8355,0,Mug
8356,0,Mug
8357,0,Mug
8358,0,Mug
8359,0,Mug
8360,0,Mug
8361,0,Mug
8362,0,Mug
8363,0,Mug
8364,0,Mug
8365,0,Mug
8366,0,Mug
8367,0,Mug
8368,0,Mug
8369,0,Mug
8370,0,Mug
8371,0,Mug
8372,0,Mug
8373,0,Mug
8374,0,Mug
8375,0,Mug
8376,0,Mug
8377,0,Mug
8378,0,Mug
8379,0,Mug
8380,0,Mug
8381,0,Mug
8382,0,Mug
8383,0,Mug
8384,0,Mug
8385,0,Mug
8386,0,Mug
8387,0,Mug
8388,0,Mug
8389,0,Mug
8390,0,Mug
8391,0,Mug
8392,0,Mug
8393,0,Mug
8394,0,Mug
8395,0,Mug
8396,0,Mug
8397,0,Mug
8398,0,Mug
8399,0,Mug
8400,0,Mug
8401,0,Mug
8402,0,Mug
8403,0,Mug
8404,0,Mug
8405,0,Mug
8406,0,Mug
8407,0,Mug
8408,0,Mug
8409,0,Mug
8410,0,Mug
8411,0,Mug
8412,0,Mug
8413,0,Mug
8414,0,Mug
8415,0,Mug
8416,0,Mug
8417,0,Mug
8418,0,Mug
8419,0,Mug
8420,0,Mug
8421,0,Mug
8422,0,Mug
8423,0,Mug
8424,0,Mug
8425,0,Mug
8426,0,Mug
8427,0,Mug
8428,0,Mug
8429,0,Mug
8430,0,Mug
8431,0,Mug
8432,0,Mug
8433,0,Mug
8434,0,Mug
8435,0,Mug
8436,0,Mug
8437,0,Mug
8438,0,Mug
8439,0,Mug
8440,0,Mug
8441,0,Mug
8442,0,Mug
8443,0,Mug
8444,0,Mug
8445,0,Mug
8446,0,Mug
8447,0,Mug
8448,0,Mug
8449,0,Mug
8450,0,Mug
8451,0,Mug
8452,0,Mug
8453,0,Mug
8454,0,Mug
8455,0,Mug
8456,0,Mug
8457,0,Mug
8458,0,Mug
8459,0,Mug
8460,0,Mug
8461,0,Mug
8462,0,Mug
8463,0,Mug
8464,0,Mug
8465,0,Mug
8466,0,Mug
8467,0,Mug
8468,0,Mug
8469,0,Mug
8470,0,Mug
8471,0,Mug
8472,0,Mug
8473,0,Mug
8474,0,Mug
8475,0,Mug
8476,0,Mug
8477,0,Mug
8478,0,Mug
8479,0,Mug
8480,0,Mug
8481,0,Mug
8482,0,Mug
8483,0,Mug
8484,0,Mug
8485,0,Mug
8486,0,Mug
8487,0,Mug
8488,0,Mug
8489,0,Mug
8490,0,Mug
8491,0,Mug
8492,0,Mug
8493,0,Mug
8494,0,Mug
8495,0,Mug
8496,0,Mug
8497,0,Mug
8498,0,Mug
8499,0,Mug
8500,0,Mug
8501,0,Mug
8502,0,Mug
8503,0,Mug
8504,0,Mug
8505,0,Mug
8506,0,Mug
8507,0,Mug
8508,0,Mug
8509,0,Mug
8510,0,Mug
8511,0,Mug
8512,0,Mug
8513,0,Mug
8514,0,Mug
8515,0,Mug
8516,0,Mug
8517,0,Mug
8518,0,Mug
8519,0,Mug
8520,0,Mug
8521,0,Mug
8522,0,Mug
8523,0,Mug
8524,0,Mug
8525,0,Mug
8526,0,Mug
8527,0,Mug
8528,0,Mug
8529,0,Mug
8530,0,Mug
8531,0,Mug
8532,0,Mug
8533,0,Mug
8534,0,Mug
8535,0,Mug
8536,0,Mug
8537,0,Mug
8538,0,Mug
8539,0,Mug
8540,0,Mug
8541,0,Mug
8542,0,Mug
8543,0,Mug
8544,0,Mug
8545,0,Mug
8546,0,Mug
8547,0,Mug
8548,0,Mug
8549,0,Mug
8550,0,Mug
8551,0,Mug
8552,0,Mug
8553,0,Mug
8554,0,Mug
8555,0,Mug
8556,0,Mug
8557,0,Mug
8558,0,Mug
8559,0,Mug
8560,0,Mug
8561,0,Mug
8562,0,Mug
8563,0,Mug
8564,0,Mug
8565,0,Mug
8566,0,Mug
8567,0,Mug
8568,0,Mug
8569,0,Mug
8570,0,Mug
8571,0,Mug
8572,0,Mug
8573,0,Mug
8574,0,Mug
8575,0,Mug
8576,0,Mug
8577,0,Mug
8578,0,Mug
8579,0,Mug
8580,0,Mug
8581,0,Mug
8582,0,Mug
8583,0,Mug
8584,0,Mug
8585,0,Mug
8586,0,Mug
8587,0,Mug
8588,0,Mug
8589,0,Mug
8590,0,Mug
8591,0,Mug
8592,0,Mug
8593,0,Mug
8594,0,Mug
8595,0,Mug
8596,0,Mug
8597,0,Mug
8598,0,Mug
8599,0,Mug
8600,0,Mug
8601,0,Mug
8602,0,Mug
8603,0,Mug
8604,0,Mug
8605,0,Mug
8606,0,Mug
8607,0,Mug
8608,0,Mug
8609,0,Mug
8610,0,Mug
8611,0,Mug
8612,0,Mug
8613,0,Mug
8614,0,Mug
8615,0,Mug
8616,0,Mug
8617,0,Mug
8618,0,Mug
8619,0,Mug
8620,0,Mug
8621,0,Mug
8622,0,Mug
8623,0,Mug
8624,0,Mug
8625,0,Mug
8626,0,Mug
8627,0,Mug
8628,0,Mug
8629,0,Mug
8630,0,Mug
8631,0,Mug
8632,0,Mug
8633,0,Mug
8634,0,Mug
8635,0,Mug
8636,0,Mug
8637,0,Mug
8638,0,Mug
8639,0,Mug
8640,0,Mug
8641,0,Mug
8642,0,Mug
8643,0,Mug
8644,0,Mug
8645,0,Mug
8646,0,Mug
8647,0,Mug
8648,0,Mug
8649,0,Mug
8650,0,Mug
8651,0,Mug
8652,0,Mug
8653,0,Mug
8654,0,Mug
8655,0,Mug
8656,0,Mug
8657,0,Mug
8658,0,Mug
8659,0,Mug
8660,0,Mug
8661,0,Mug
8662,0,Mug
8663,0,Mug
8664,0,Mug
8665,0,Mug
8666,0,Mug
8667,0,Mug
8668,0,Mug
8669,0,Mug
8670,0,Mug
8671,0,Mug
8672,0,Mug
8673,0,Mug
8674,0,Mug
8675,0,Mug
8676,0,Mug
8677,0,Mug
8678,0,Mug
8679,0,Mug
8680,0,Mug
8681,0,Mug
8682,0,Mug
8683,0,Mug
8684,0,Mug
8685,0,Mug
8686,0,Mug
8687,0,Mug
8688,0,Mug
8689,0,Mug
8690,0,Mug
8691,0,Mug
8692,0,Mug
8693,0,Mug
8694,0,Mug
8695,0,Mug
8696,0,Mug
8697,0,Mug
8698,0,Mug
8699,0,Mug
8700,0,Mug
8701,0,Mug
8702,0,Mug
8703,0,Mug
8704,0,Mug
8705,0,Mug
8706,0,Mug
8707,0,Mug
8708,0,Mug
8709,0,Mug
8710,0,Mug
8711,0,Mug
8712,0,Mug
8713,0,Mug
8714,0,Mug
8715,0,Mug
8716,0,Mug
8717,0,Mug
8718,0,Mug
8719,0,Mug
8720,0,Mug
8721,0,Mug
8722,0,Mug
8723,0,Mug
8724,0,Mug
8725,0,Mug
8726,0,Mug
8727,0,Mug
8728,0,Mug
8729,0,Mug
8730,0,Mug
8731,0,Mug
8732,0,Mug
8733,0,Mug
8734,0,Mug
8735,0,Mug
8736,0,Mug
8737,0,Mug
8738,0,Mug
8739,0,Mug
8740,0,Mug
8741,0,Mug
8742,0,Mug
8743,0,Mug
8744,0,Mug
8745,0,Mug
8746,0,Mug
8747,0,Mug
9306,0,Mug
9307,0,Mug
9308,0,Mug
9309,0,Mug
9310,0,Mug
9311,0,Mug
9312,0,Mug
9313,0,Mug
9314,0,Mug
9315,0,Mug
9316,0,Mug
9317,0,Mug
9318,0,Mug
9319,0,Mug
9320,0,Mug
9321,0,Mug
9322,0,Mug
9323,0,Mug
9324,0,Mug
9325,0,Mug
9326,0,Mug
9327,0,Mug
9328,0,Mug
9329,0,Mug
9330,0,Mug
9331,0,Mug
9332,0,Mug
9333,0,Mug
9334,0,Mug
9335,0,Mug
9336,0,Mug
9337,0,Mug
9338,0,Mug
9339,0,Mug
9340,0,Mug
9341,0,Mug
9342,0,Mug
9343,0,Mug
9344,0,Mug
9345,0,Mug
9346,0,Mug
9347,0,Mug
9348,0,Mug
9349,0,Mug
9350,0,Mug
9351,0,Mug
9352,0,Mug
9353,0,Mug
9354,0,Mug
9355,0,Mug
9356,0,Mug
9357,0,Mug
9358,0,Mug
9359,0,Mug
9360,0,Mug
9361,0,Mug
9362,0,Mug
9363,0,Mug
9364,0,Mug
9365,0,Mug
9366,0,Mug
9367,0,Mug
9368,0,Mug
9369,0,Mug
9370,0,Mug
9371,0,Mug
9372,0,Mug
9373,0,Mug
9374,0,Mug
9375,0,Mug
9376,0,Mug
9377,0,Mug
9378,0,Mug
9379,0,Mug
9380,0,Mug
9381,0,Mug
9382,0,Mug
9383,0,Mug
9384,0,Mug
9385,0,Mug
9386,0,Mug
9387,0,Mug
9388,0,Mug
9389,0,Mug
9390,0,Mug
9391,0,Mug
9392,0,Mug
9393,0,Mug
9394,0,Mug
9395,0,Mug
9396,0,Mug
9397,0,Mug
9398,0,Mug
9399,0,Mug
9400,0,Mug
9401,0,Mug
9402,0,Mug
9403,0,Mug
9404,0,Mug
9405,0,Mug
9406,0,Mug
9407,0,Mug
9408,0,Mug
9409,0,Mug
9410,0,Mug
9411,0,Mug
9412,0,Mug
9413,0,Mug
9414,0,Mug
9415,0,Mug
9416,0,Mug
9417,0,Mug
9418,0,Mug
9419,0,Mug
9420,0,Mug
9421,0,Mug
9422,0,Mug
9423,0,Mug
9424,0,Mug
9425,0,Mug
9426,0,Mug
9427,0,Mug
9428,0,Mug
9429,0,Mug
9430,0,Mug
9431,0,Mug
9432,0,Mug
9433,0,Mug
9434,0,Mug
9435,0,Mug
9436,0,Mug
9437,0,Mug
9438,0,Mug
9439,0,Mug
9440,0,Mug
9441,0,Mug
9442,0,Mug
9443,0,Mug
9444,0,Mug
9445,0,Mug
9446,0,Mug
9447,0,Mug
9448,0,Mug
9449,0,Mug
9450,0,Mug
9451,0,Mug
9452,0,Mug
9453,0,Mug
9454,0,Mug
9455,0,Mug
9456,0,Mug
9457,0,Mug
9458,0,Mug
9459,0,Mug
9460,0,Mug
9461,0,Mug
9462,0,Mug
9463,0,Mug
9464,0,Mug
9465,0,Mug
9466,0,Mug
9467,0,Mug
9468,0,Mug
9469,0,Mug
9470,0,Mug
9471,0,Mug
9472,0,Mug
9473,0,Mug
9474,0,Mug
9475,0,Mug
9476,0,Mug
9477,0,Mug
9478,0,Mug
9479,0,Mug
9480,0,Mug
9481,0,Mug
9482,0,Mug
9483,0,Mug
9484,0,Mug
9485,0,Mug
9486,0,Mug
9487,0,Mug
9488,0,Mug
9489,0,Mug
9490,0,Mug
9491,0,Mug
9492,0,Mug
9493,0,Mug
9494,0,Mug
9495,0,Mug
9496,0,Mug
9497,0,Mug
9498,0,Mug
9499,0,Mug
9500,0,Mug
9501,0,Mug
9502,0,Mug
9503,0,Mug
9504,0,Mug
9505,0,Mug
9506,0,Mug
9507,0,Mug
9508,0,Mug
9509,0,Mug
9510,0,Mug
9511,0,Mug
9512,0,Mug
9513,0,Mug
9514,0,Mug
9515,0,Mug
9516,0,Mug
9517,0,Mug
9518,0,Mug
9519,0,Mug
9520,0,Mug
9521,0,Mug
9522,0,Mug
9523,0,Mug
9524,0,Mug
9525,0,Mug
9526,0,Mug
9527,0,Mug
9528,0,Mug
9529,0,Mug
9530,0,Mug
9531,0,Mug
9532,0,Mug
9533,0,Mug
9534,0,Mug
9535,0,Mug
9536,0,Mug
9537,0,Mug
9538,0,Mug
9539,0,Mug
9540,0,Mug
9541,0,Mug
9542,0,Mug
9543,0,Mug
9544,0,Mug
9545,0,Mug
9546,0,Mug
9547,0,Mug
9548,0,Mug
9549,0,Mug
9550,0,Mug
9551,0,Mug
9552,0,Mug
9553,0,Mug
9554,0,Mug
9555,0,Mug
9556,0,Mug
9557,0,Mug
9558,0,Mug
9559,0,Mug
9560,0,Mug
9561,0,Mug
9562,0,Mug
9563,0,Mug
9564,0,Mug
9565,0,Mug
9566,0,Mug
9567,0,Mug
9568,0,Mug
9569,0,Mug
9570,0,Mug
9571,0,Mug
9572,0,Mug
9573,0,Mug
9574,0,Mug
9575,0,Mug
9576,0,Mug
9577,0,Mug
9578,0,Mug
9579,0,Mug
9580,0,Mug
9581,0,Mug
9582,0,Mug
9583,0,Mug
9584,0,Mug
9585,0,Mug
9586,0,Mug
9587,0,Mug
9588,0,Mug
9589,0,Mug
9590,0,Mug
9591,0,Mug
9592,0,Mug
9593,0,Mug
9594,0,Mug
9595,0,Mug
9596,0,Mug
9597,0,Mug
9598,0,Mug
9599,0,Mug
9600,0,Mug
9601,0,Mug
9602,0,Mug
9603,0,Mug
9604,0,Mug
9605,0,Mug
9606,0,Mug
9607,0,Mug
9608,0,Mug
9609,0,Mug
9610,0,Mug
9611,0,Mug
9612,0,Mug
9613,0,Mug
9614,0,Mug
9615,0,Mug
9616,0,Mug
9617,0,Mug
9618,0,Mug
9619,0,Mug
9620,0,Mug
9621,0,Mug
9622,0,Mug
9623,0,Mug
9624,0,Mug
9625,0,Mug
9626,0,Mug
9627,0,Mug
9628,0,Mug
9629,0,Mug
9630,0,Mug
9631,0,Mug
9632,0,Mug
9633,0,Mug
9634,0,Mug
9635,0,Mug
9636,0,Mug
9637,0,Mug
9638,0,Mug
9639,0,Mug
9640,0,Mug
9641,0,Mug
9642,0,Mug
9643,0,Mug
9644,0,Mug
9645,0,Mug
9646,0,Mug
9647,0,Mug
9648,0,Mug
9649,0,Mug
9650,0,Mug
9651,0,Mug
9652,0,Mug
9653,0,Mug
9654,0,Mug
9655,0,Mug
9656,0,Mug
9657,0,Mug
9658,0,Mug
9659,0,Mug
9660,0,Mug
9661,0,Mug
9662,0,Mug
9663,0,Mug
9664,0,Mug
9665,0,Mug
9666,0,Mug
9667,0,Mug
9668,0,Mug
9669,0,Mug
9670,0,Mug
9671,0,Mug
9672,0,Mug
9673,0,Mug
9674,0,Mug
9675,0,Mug
9676,0,Mug
9677,0,Mug
9678,0,Mug
9679,0,Mug
9680,0,Mug
9681,0,Mug
9682,0,Mug
9683,0,Mug
9684,0,Mug
9685,0,Mug
9686,0,Mug
9687,0,Mug
9688,0,Mug
9689,0,Mug
9690,0,Mug
9691,0,Mug
9692,0,Mug
9693,0,Mug
9694,0,Mug
9695,0,Mug
9696,0,Mug
9697,0,Mug
9698,0,Mug
9699,0,Mug
9700,0,Mug
9701,0,Mug
9702,0,Mug
9703,0,Mug
9704,0,Mug
9705,0,Mug
9706,0,Mug
9707,0,Mug
9708,0,Mug
9709,0,Mug
9710,0,Mug
9711,0,Mug
9712,0,Mug
9713,0,Mug
9714,0,Mug
9715,0,Mug
9716,0,Mug
9717,0,Mug
9718,0,Mug
9719,0,Mug
9720,0,Mug
9721,0,Mug
9722,0,Mug
9723,0,Mug
9724,0,Mug
9725,0,Mug
9726,0,Mug
9727,0,Mug
9728,0,Mug
9729,0,Mug
9730,0,Mug
9731,0,Mug
9732,0,Mug
9733,0,Mug
9734,0,Mug
9735,0,Mug
9736,0,Mug
9737,0,Mug
9738,0,Mug
9739,0,Mug
9740,0,Mug
9741,0,Mug
9742,0,Mug
9743,0,Mug
9744,0,Mug
9745,0,Mug
9746,0,Mug
9747,0,Mug
9748,0,Mug
9749,0,Mug
9750,0,Mug
9751,0,Mug
9752,0,Mug
9753,0,Mug
9754,0,Mug
9755,0,Mug
9756,0,Mug
9757,0,Mug
9758,0,Mug
9759,0,Mug
9760,0,Mug
9761,0,Mug
9762,0,Mug
9763,0,Mug
9764,0,Mug
9765,0,Mug
9766,0,Mug
9767,0,Mug
9768,0,Mug
9769,0,Mug
9770,0,Mug
9771,0,Mug
9772,0,Mug
9773,0,Mug
9774,0,Mug
9775,0,Mug
9776,0,Mug
9777,0,Mug
9778,0,Mug
9779,0,Mug
9780,0,Mug
9781,0,Mug
9782,0,Mug
9783,0,Mug
9784,0,Mug
9785,0,Mug
9786,0,Mug
9787,0,Mug
9788,0,Mug
9789,0,Mug
9790,0,Mug
9791,0,Mug
9792,0,Mug
9793,0,Mug
9794,0,Mug
9795,0,Mug
9796,0,Mug
9797,0,Mug
9798,0,Mug
9799,0,Mug
9800,0,Mug
9801,0,Mug
9802,0,Mug
9803,0,Mug
9804,0,Mug
9805,0,Mug
9806,0,Mug
9807,0,Mug
9808,0,Mug
9809,0,Mug
9810,0,Mug
9811,0,Mug
9812,0,Mug
9813,0,Mug
9814,0,Mug
9815,0,Mug
9816,0,Mug
9817,0,Mug
9818,0,Mug
9819,0,Mug
9820,0,Mug
9821,0,Mug
9822,0,Mug
9823,0,Mug
9824,0,Mug
9825,0,Mug
9826,0,Mug
9827,0,Mug
9828,0,Mug
9829,0,Mug
9830,0,Mug
9831,0,Mug
9832,0,Mug
9833,0,Mug
9834,0,Mug
9835,0,Mug
9836,0,Mug
9837,0,Mug
9838,0,Mug
9839,0,Mug
9840,0,Mug
9841,0,Mug
9842,0,Mug
9843,0,Mug
9844,0,Mug
9845,0,Mug
10404,0,Mug
10405,0,Mug
10406,0,Mug
10407,0,Mug
10408,0,Mug
10409,0,Mug
10410,0,Mug
10411,0,Mug
10412,0,Mug
10413,0,Mug
10414,0,Mug
10415,0,Mug
10416,0,Mug
10417,0,Mug
10418,0,Mug
10419,0,Mug
10420,0,Mug
10421,0,Mug
10422,0,Mug
10423,0,Mug
10424,0,Mug
10425,0,Mug
10426,0,Mug
10427,0,Mug
10428,0,Mug
10429,0,Mug
10430,0,Mug
10431,0,Mug
10432,0,Mug
10433,0,Mug
10434,0,Mug
10435,0,Mug
10436,0,Mug
10437,0,Mug
10438,0,Mug
10439,0,Mug
10440,0,Mug
10441,0,Mug
10442,0,Mug
10443,0,Mug
10444,0,Mug
10445,0,Mug
10446,0,Mug
10447,0,Mug
10448,0,Mug
10449,0,Mug
10450,0,Mug
10451,0,Mug
10452,0,Mug
10453,0,Mug
10454,0,Mug
10455,0,Mug
10456,0,Mug
10457,0,Mug
10458,0,Mug
10459,0,Mug
10460,0,Mug
10461,0,Mug
10462,0,Mug
10463,0,Mug
10464,0,Mug
10465,0,Mug
10466,0,Mug
10467,0,Mug
10468,0,Mug
10469,0,Mug
10470,0,Mug
10471,0,Mug
10472,0,Mug
10473,0,Mug
10474,0,Mug
10475,0,Mug
10476,0,Mug
10477,0,Mug
10478,0,Mug
10479,0,Mug
10480,0,Mug
10481,0,Mug
10482,0,Mug
10483,0,Mug
10484,0,Mug
10485,0,Mug
10486,0,Mug
10487,0,Mug
10488,0,Mug
10489,0,Mug
10490,0,Mug
10491,0,Mug
10492,0,Mug
10493,0,Mug
10494,0,Mug
10495,0,Mug
10496,0,Mug
10497,0,Mug
10498,0,Mug
10499,0,Mug
10500,0,Mug
10501,0,Mug
10502,0,Mug
10503,0,Mug
10504,0,Mug
10505,0,Mug
10506,0,Mug
10507,0,Mug
10508,0,Mug
10509,0,Mug
10510,0,Mug
10511,0,Mug
10512,0,Mug
10513,0,Mug
10514,0,Mug
10515,0,Mug
10516,0,Mug
10517,0,Mug
10518,0,Mug
10519,0,Mug
10520,0,Mug
10521,0,Mug
10522,0,Mug
10523,0,Mug
10524,0,Mug
10525,0,Mug
10526,0,Mug
10527,0,Mug
10528,0,Mug
10529,0,Mug
10530,0,Mug
10531,0,Mug
10532,0,Mug
10533,0,Mug
10534,0,Mug
10535,0,Mug
10536,0,Mug
10537,0,Mug
10538,0,Mug
10539,0,Mug
10540,0,Mug
10541,0,Mug
10542,0,Mug
10543,0,Mug
10544,0,Mug
10545,0,Mug
10546,0,Mug
10547,0,Mug
10548,0,Mug
10549,0,Mug
10550,0,Mug
10551,0,Mug
10552,0,Mug
10553,0,Mug
10554,0,Mug
10555,0,Mug
10556,0,Mug
10557,0,Mug
10558,0,Mug
10559,0,Mug
10560,0,Mug
10561,0,Mug
10562,0,Mug
10563,0,Mug
10564,0,Mug
10565,0,Mug
10566,0,Mug
10567,0,Mug
10568,0,Mug
10569,0,Mug
10570,0,Mug
10571,0,Mug
10572,0,Mug
10573,0,Mug
10574,0,Mug
10575,0,Mug
10576,0,Mug
10577,0,Mug
10578,0,Mug
10579,0,Mug
10580,0,Mug
10581,0,Mug
10582,0,Mug
10583,0,Mug
10584,0,Mug
10585,0,Mug
10586,0,Mug
10587,0,Mug
10588,0,Mug
10589,0,Mug
10590,0,Mug
10591,0,Mug
10592,0,Mug
10593,0,Mug
10594,0,Mug
10595,0,Mug
10596,0,Mug
10597,0,Mug
10598,0,Mug
10599,0,Mug
10600,0,Mug
10601,0,Mug
10602,0,Mug
10603,0,Mug
10604,0,Mug
10605,0,Mug
10606,0,Mug
10607,0,Mug
10608,0,Mug
10609,0,Mug
10610,0,Mug
10611,0,Mug
10612,0,Mug
10613,0,Mug
10614,0,Mug
10615,0,Mug
10616,0,Mug
10617,0,Mug
10618,0,Mug
10619,0,Mug
10620,0,Mug
10621,0,Mug
10622,0,Mug
10623,0,Mug
10624,0,Mug
10625,0,Mug
10626,0,Mug
10627,0,Mug
10628,0,Mug
10629,0,Mug
10630,0,Mug
10631,0,Mug
10632,0,Mug
10633,0,Mug
10634,0,Mug
10635,0,Mug
10636,0,Mug
10637,0,Mug
10638,0,Mug
10639,0,Mug
10640,0,Mug
10641,0,Mug
10642,0,Mug
10643,0,Mug
10644,0,Mug
10645,0,Mug
10646,0,Mug
10647,0,Mug
10648,0,Mug
10649,0,Mug
10650,0,Mug
10651,0,Mug
10652,0,Mug
10653,0,Mug
10654,0,Mug
10655,0,Mug
10656,0,Mug
10657,0,Mug
10658,0,Mug
10659,0,Mug
10660,0,Mug
10661,0,Mug
10662,0,Mug
10663,0,Mug
10664,0,Mug
10665,0,Mug
10666,0,Mug
10667,0,Mug
10668,0,Mug
10669,0,Mug
10670,0,Mug
10671,0,Mug
10672,0,Mug
10673,0,Mug
10674,0,Mug
10675,0,Mug
10676,0,Mug
10677,0,Mug
10678,0,Mug
10679,0,Mug
10680,0,Mug
10681,0,Mug
10682,0,Mug
10683,0,Mug
10684,0,Mug
10685,0,Mug
10686,0,Mug
10687,0,Mug
10688,0,Mug
10689,0,Mug
10690,0,Mug
10691,0,Mug
10692,0,Mug
10693,0,Mug
10694,0,Mug
10695,0,Mug
10696,0,Mug
10697,0,Mug
10698,0,Mug
10699,0,Mug
10700,0,Mug
10701,0,Mug
10702,0,Mug
10703,0,Mug
10704,0,Mug
10705,0,Mug
10706,0,Mug
10707,0,Mug
10708,0,Mug
10709,0,Mug
10710,0,Mug
10711,0,Mug
10712,0,Mug
10713,0,Mug
10714,0,Mug
10715,0,Mug
10716,0,Mug
10717,0,Mug
10718,0,Mug
10719,0,Mug
10720,0,Mug
10721,0,Mug
10722,0,Mug
10723,0,Mug
10724,0,Mug
10725,0,Mug
10726,0,Mug
10727,0,Mug
10728,0,Mug
10729,0,Mug
10730,0,Mug
10731,0,Mug
10732,0,Mug
10733,0,Mug
10734,0,Mug
10735,0,Mug
10736,0,Mug
10737,0,Mug
10738,0,Mug
10739,0,Mug
10740,0,Mug
10741,0,Mug
10742,0,Mug
10743,0,Mug
10744,0,Mug
10745,0,Mug
10746,0,Mug
10747,0,Mug
10748,0,Mug
10749,0,Mug
10750,0,Mug
10751,0,Mug
10752,0,Mug
10753,0,Mug
10754,0,Mug
10755,0,Mug
10756,0,Mug
10757,0,Mug
10758,0,Mug
10759,0,Mug
10760,0,Mug
10761,0,Mug
10762,0,Mug
10763,0,Mug
10764,0,Mug
10765,0,Mug
10766,0,Mug
10767,0,Mug
10768,0,Mug
10769,0,Mug
10770,0,Mug
10771,0,Mug
10772,0,Mug
10773,0,Mug
10774,0,Mug
10775,0,Mug
10776,0,Mug
10777,0,Mug
10778,0,Mug
10779,0,Mug
10780,0,Mug
10781,0,Mug
10782,0,Mug
10783,0,Mug
10784,0,Mug
10785,0,Mug
10786,0,Mug
10787,0,Mug
10788,0,Mug
10789,0,Mug
10790,0,Mug
10791,0,Mug
10792,0,Mug
10793,0,Mug
10794,0,Mug
10795,0,Mug
10796,0,Mug
10797,0,Mug
10798,0,Mug
10799,0,Mug
10800,0,Mug
10801,0,Mug
10802,0,Mug
10803,0,Mug
10804,0,Mug
10805,0,Mug
10806,0,Mug
10807,0,Mug
10808,0,Mug
10809,0,Mug
10810,0,Mug
10811,0,Mug
10812,0,Mug
10813,0,Mug
10814,0,Mug
10815,0,Mug
10816,0,Mug
10817,0,Mug
10818,0,Mug
10819,0,Mug
10820,0,Mug
10821,0,Mug
10822,0,Mug
10823,0,Mug
10824,0,Mug
10825,0,Mug
10826,0,Mug
10827,0,Mug
10828,0,Mug
10829,0,Mug
10830,0,Mug
10831,0,Mug
10832,0,Mug
10833,0,Mug
10834,0,Mug
10835,0,Mug
10836,0,Mug
10837,0,Mug
10838,0,Mug
10839,0,Mug
10840,0,Mug
10841,0,Mug
10842,0,Mug
10843,0,Mug
10844,0,Mug
10845,0,Mug
10846,0,Mug
10847,0,Mug
10848,0,Mug
10849,0,Mug
10850,0,Mug
10851,0,Mug
10852,0,Mug
10853,0,Mug
10854,0,Mug
10855,0,Mug
10856,0,Mug
10857,0,Mug
10858,0,Mug
10859,0,Mug
10860,0,Mug
10861,0,Mug
10862,0,Mug
10863,0,Mug
10864,0,Mug
10865,0,Mug
10866,0,Mug
10867,0,Mug
10868,0,Mug
10869,0,Mug
10870,0,Mug
10871,0,Mug
10872,0,Mug
10873,0,Mug
10874,0,Mug
10875,0,Mug
10876,0,Mug
10877,0,Mug
10878,0,Mug
10879,0,Mug
10880,0,Mug
10881,0,Mug
10882,0,Mug
10883,0,Mug
10884,0,Mug
10885,0,Mug
10886,0,Mug
10887,0,Mug
10888,0,Mug
10889,0,Mug
10890,0,Mug
10891,0,Mug
10892,0,Mug
10893,0,Mug
10894,0,Mug
10895,0,Mug
10896,0,Mug
10897,0,Mug
10898,0,Mug
10899,0,Mug
10900,0,Mug
10901,0,Mug
10902,0,Mug
10903,0,Mug
10904,0,Mug
10905,0,Mug
10906,0,Mug
10907,0,Mug
10908,0,Mug
10909,0,Mug
10910,0,Mug
10911,0,Mug
10912,0,Mug
10913,0,Mug
10914,0,Mug
10915,0,Mug
10916,0,Mug
10917,0,Mug
10918,0,Mug
10919,0,Mug
10920,0,Mug
10921,0,Mug
10922,0,Mug
10923,0,Mug
10924,0,Mug
10925,0,Mug
10926,0,Mug
10927,0,Mug
10928,0,Mug
10929,0,Mug
10930,0,Mug
10931,0,Mug
10932,0,Mug
10933,0,Mug
10934,0,Mug
10935,0,Mug
10936,0,Mug
10937,0,Mug
10938,0,Mug
10939,0,Mug
10940,0,Mug
10941,0,Mug
10942,0,Mug
10943,0,Mug
10944,0,Mug
10945,0,Mug
10946,0,Mug
10947,0,Mug
10948,0,Mug
10949,0,Mug
10950,0,Mug
10951,0,Mug
10952,0,Mug
10953,0,Mug
10954,0,Mug
10955,0,Mug
10956,0,Mug
10957,0,Mug
10958,0,Mug
10959,0,Mug
10960,0,Mug
10961,0,Mug
13716,0,Mug
13717,0,Mug
13718,0,Mug
13719,0,Mug
13720,0,Mug
13721,0,Mug
13722,0,Mug
13723,0,Mug
13724,0,Mug
13725,0,Mug
13726,0,Mug
13727,0,Mug
13728,0,Mug
13729,0,Mug
13730,0,Mug
13731,0,Mug
13732,0,Mug
13733,0,Mug
13734,0,Mug
13735,0,Mug
13736,0,Mug
13737,0,Mug
13738,0,Mug
13739,0,Mug
13740,0,Mug
13741,0,Mug
13742,0,Mug
13743,0,Mug
13744,0,Mug
13745,0,Mug
13746,0,Mug
13747,0,Mug
13748,0,Mug
13749,0,Mug
13750,0,Mug
13751,0,Mug
13752,0,Mug
13753,0,Mug
13754,0,Mug
13755,0,Mug
13756,0,Mug
13757,0,Mug
13758,0,Mug
13759,0,Mug
13760,0,Mug
13761,0,Mug
13762,0,Mug
13763,0,Mug
13764,0,Mug
13765,0,Mug
13766,0,Mug
13767,0,Mug
13768,0,Mug
13769,0,Mug
13770,0,Mug
13771,0,Mug
13772,0,Mug
13773,0,Mug
13774,0,Mug
13775,0,Mug
13776,0,Mug
13777,0,Mug
13778,0,Mug
13779,0,Mug
13780,0,Mug
13781,0,Mug
13782,0,Mug
13783,0,Mug
13784,0,Mug
13785,0,Mug
13786,0,Mug
13787,0,Mug
13788,0,Mug
13789,0,Mug
13790,0,Mug
13791,0,Mug
13792,0,Mug
13793,0,Mug
13794,0,Mug
13795,0,Mug
13796,0,Mug
13797,0,Mug
13798,0,Mug
13799,0,Mug
13800,0,Mug
13801,0,Mug
13802,0,Mug
13803,0,Mug
13804,0,Mug
13805,0,Mug
13806,0,Mug
13807,0,Mug
13808,0,Mug
13809,0,Mug
13810,0,Mug
13811,0,Mug
13812,0,Mug
13813,0,Mug
13814,0,Mug
13815,0,Mug
13816,0,Mug
13817,0,Mug
13818,0,Mug
13819,0,Mug
13820,0,Mug
13821,0,Mug
13822,0,Mug
13823,0,Mug
13824,0,Mug
13825,0,Mug
13826,0,Mug
13827,0,Mug
13828,0,Mug
13829,0,Mug
13830,0,Mug
13831,0,Mug
13832,0,Mug
13833,0,Mug
13834,0,Mug
13835,0,Mug
13836,0,Mug
13837,0,Mug
13838,0,Mug
13839,0,Mug
13840,0,Mug
13841,0,Mug
13842,0,Mug
13843,0,Mug
13844,0,Mug
13845,0,Mug
13846,0,Mug
13847,0,Mug
13848,0,Mug
13849,0,Mug
13850,0,Mug
13851,0,Mug
13852,0,Mug
13853,0,Mug
13854,0,Mug
13855,0,Mug
13856,0,Mug
13857,0,Mug
13858,0,Mug
13859,0,Mug
13860,0,Mug
13861,0,Mug
13862,0,Mug
13863,0,Mug
13864,0,Mug
13865,0,Mug
13866,0,Mug
13867,0,Mug
13868,0,Mug
13869,0,Mug
13870,0,Mug
13871,0,Mug
13872,0,Mug
13873,0,Mug
13874,0,Mug
13875,0,Mug
13876,0,Mug
13877,0,Mug
13878,0,Mug
13879,0,Mug
13880,0,Mug
13881,0,Mug
13882,0,Mug
13883,0,Mug
13884,0,Mug
13885,0,Mug
13886,0,Mug
13887,0,Mug
13888,0,Mug
13889,0,Mug
13890,0,Mug
13891,0,Mug
13892,0,Mug
13893,0,Mug
13894,0,Mug
13895,0,Mug
13896,0,Mug
13897,0,Mug
13898,0,Mug
13899,0,Mug
13900,0,Mug
13901,0,Mug
13902,0,Mug
13903,0,Mug
13904,0,Mug
13905,0,Mug
13906,0,Mug
13907,0,Mug
13908,0,Mug
13909,0,Mug
13910,0,Mug
13911,0,Mug
13912,0,Mug
13913,0,Mug
13914,0,Mug
13915,0,Mug
13916,0,Mug
13917,0,Mug
13918,0,Mug
13919,0,Mug
13920,0,Mug
13921,0,Mug
13922,0,Mug
13923,0,Mug
13924,0,Mug
13925,0,Mug
13926,0,Mug
13927,0,Mug
13928,0,Mug
13929,0,Mug
13930,0,Mug
13931,0,Mug
13932,0,Mug
13933,0,Mug
13934,0,Mug
13935,0,Mug
13936,0,Mug
13937,0,Mug
13938,0,Mug
13939,0,Mug
13940,0,Mug
13941,0,Mug
13942,0,Mug
13943,0,Mug
13944,0,Mug
13945,0,Mug
13946,0,Mug
13947,0,Mug
13948,0,Mug
13949,0,Mug
13950,0,Mug
13951,0,Mug
13952,0,Mug
13953,0,Mug
13954,0,Mug
13955,0,Mug
13956,0,Mug
13957,0,Mug
13958,0,Mug
13959,0,Mug
13960,0,Mug
13961,0,Mug
13962,0,Mug
13963,0,Mug
13964,0,Mug
13965,0,Mug
13966,0,Mug
13967,0,Mug
13968,0,Mug
13969,0,Mug
13970,0,Mug
13971,0,Mug
13972,0,Mug
13973,0,Mug
13974,0,Mug
13975,0,Mug
13976,0,Mug
13977,0,Mug
13978,0,Mug
13979,0,Mug
13980,0,Mug
13981,0,Mug
13982,0,Mug
13983,0,Mug
13984,0,Mug
13985,0,Mug
13986,0,Mug
13987,0,Mug
13988,0,Mug
13989,0,Mug
13990,0,Mug
13991,0,Mug
13992,0,Mug
13993,0,Mug
13994,0,Mug
13995,0,Mug
13996,0,Mug
13997,0,Mug
13998,0,Mug
13999,0,Mug
14000,0,Mug
14001,0,Mug
14002,0,Mug
14003,0,Mug
14004,0,Mug
14005,0,Mug
14006,0,Mug
14007,0,Mug
14008,0,Mug
14009,0,Mug
14010,0,Mug
14011,0,Mug
14012,0,Mug
14013,0,Mug
14014,0,Mug
14015,0,Mug
14016,0,Mug
14017,0,Mug
14018,0,Mug
14019,0,Mug
14020,0,Mug
14021,0,Mug
14022,0,Mug
14023,0,Mug
14024,0,Mug
14025,0,Mug
14026,0,Mug
14027,0,Mug
14028,0,Mug
14029,0,Mug
14030,0,Mug
14031,0,Mug
14032,0,Mug
14033,0,Mug
14034,0,Mug
14035,0,Mug
14036,0,Mug
14037,0,Mug
14038,0,Mug
14039,0,Mug
14040,0,Mug
14041,0,Mug
14042,0,Mug
14043,0,Mug
14044,0,Mug
14045,0,Mug
14046,0,Mug
14047,0,Mug
14048,0,Mug
14049,0,Mug
14050,0,Mug
14051,0,Mug
14052,0,Mug
14053,0,Mug
14054,0,Mug
14055,0,Mug
14056,0,Mug
14057,0,Mug
14058,0,Mug
14059,0,Mug
14060,0,Mug
14061,0,Mug
14062,0,Mug
14063,0,Mug
14064,0,Mug
14065,0,Mug
14066,0,Mug
14067,0,Mug
14068,0,Mug
14069,0,Mug
14070,0,Mug
14071,0,Mug
14072,0,Mug
14073,0,Mug
14074,0,Mug
14075,0,Mug
14076,0,Mug
14077,0,Mug
14078,0,Mug
14079,0,Mug
14080,0,Mug
14081,0,Mug
14082,0,Mug
14083,0,Mug
14084,0,Mug
14085,0,Mug
14086,0,Mug
14087,0,Mug
14088,0,Mug
14089,0,Mug
14090,0,Mug
14091,0,Mug
14092,0,Mug
14093,0,Mug
14094,0,Mug
14095,0,Mug
14096,0,Mug
14097,0,Mug
14098,0,Mug
14099,0,Mug
14100,0,Mug
14101,0,Mug
14102,0,Mug
14103,0,Mug
14104,0,Mug
14105,0,Mug
14106,0,Mug
14107,0,Mug
14108,0,Mug
14109,0,Mug
14110,0,Mug
14111,0,Mug
14112,0,Mug
14113,0,Mug
14114,0,Mug
14115,0,Mug
14116,0,Mug
14117,0,Mug
14118,0,Mug
14119,0,Mug
14120,0,Mug
14121,0,Mug
14122,0,Mug
14123,0,Mug
14124,0,Mug
14125,0,Mug
14126,0,Mug
14127,0,Mug
14128,0,Mug
14129,0,Mug
14130,0,Mug
14131,0,Mug
14132,0,Mug
14133,0,Mug
14134,0,Mug
14135,0,Mug
14136,0,Mug
14137,0,Mug
14138,0,Mug
14139,0,Mug
14140,0,Mug
14141,0,Mug
14142,0,Mug
14143,0,Mug
14144,0,Mug
14145,0,Mug
14146,0,Mug
14147,0,Mug
14148,0,Mug
14149,0,Mug
14150,0,Mug
14151,0,Mug
14152,0,Mug
14153,0,Mug
14154,0,Mug
14155,0,Mug
14156,0,Mug
14157,0,Mug
14158,0,Mug
14159,0,Mug
14160,0,Mug
14161,0,Mug
14162,0,Mug
14163,0,Mug
14164,0,Mug
14165,0,Mug
14166,0,Mug
14167,0,Mug
14168,0,Mug
14169,0,Mug
14170,0,Mug
14171,0,Mug
14172,0,Mug
14173,0,Mug
14174,0,Mug
14175,0,Mug
14176,0,Mug
14177,0,Mug
14178,0,Mug
14179,0,Mug
14180,0,Mug
14181,0,Mug
14182,0,Mug
14183,0,Mug
14184,0,Mug
14185,0,Mug
14186,0,Mug
14187,0,Mug
14188,0,Mug
14189,0,Mug
14190,0,Mug
14191,0,Mug
14192,0,Mug
14193,0,Mug
14194,0,Mug
14195,0,Mug
14196,0,Mug
14197,0,Mug
14198,0,Mug
14199,0,Mug
14200,0,Mug
14201,0,Mug
14202,0,Mug
14203,0,Mug
14204,0,Mug
14205,0,Mug
14206,0,Mug
14207,0,Mug
14208,0,Mug
14209,0,Mug
14210,0,Mug
14211,0,Mug
14212,0,Mug
14213,0,Mug
14214,0,Mug
14215,0,Mug
14216,0,Mug
14217,0,Mug
14218,0,Mug
14219,0,Mug
14778,0,Mug
14779,0,Mug
14780,0,Mug
14781,0,Mug
14782,0,Mug
14783,0,Mug
14784,0,Mug
14785,0,Mug
14786,0,Mug
14787,0,Mug
14788,0,Mug
14789,0,Mug
14790,0,Mug
14791,0,Mug
14792,0,Mug
14793,0,Mug
14794,0,Mug
14795,0,Mug
14796,0,Mug
14797,0,Mug
14798,0,Mug
14799,0,Mug
14800,0,Mug
14801,0,Mug
14802,0,Mug
14803,0,Mug
14804,0,Mug
14805,0,Mug
14806,0,Mug
14807,0,Mug
14808,0,Mug
14809,0,Mug
14810,0,Mug
14811,0,Mug
14812,0,Mug
14813,0,Mug
14814,0,Mug
14815,0,Mug
14816,0,Mug
14817,0,Mug
14818,0,Mug
14819,0,Mug
14820,0,Mug
14821,0,Mug
14822,0,Mug
14823,0,Mug
14824,0,Mug
14825,0,Mug
14826,0,Mug
14827,0,Mug
14828,0,Mug
14829,0,Mug
14830,0,Mug
14831,0,Mug
14832,0,Mug
14833,0,Mug
14834,0,Mug
14835,0,Mug
14836,0,Mug
14837,0,Mug
14838,0,Mug
14839,0,Mug
14840,0,Mug
14841,0,Mug
14842,0,Mug
14843,0,Mug
14844,0,Mug
14845,0,Mug
14846,0,Mug
14847,0,Mug
14848,0,Mug
14849,0,Mug
14850,0,Mug
14851,0,Mug
14852,0,Mug
14853,0,Mug
14854,0,Mug
14855,0,Mug
14856,0,Mug
14857,0,Mug
14858,0,Mug
14859,0,Mug
14860,0,Mug
14861,0,Mug
14862,0,Mug
14863,0,Mug
14864,0,Mug
14865,0,Mug
14866,0,Mug
14867,0,Mug
14868,0,Mug
14869,0,Mug
14870,0,Mug
14871,0,Mug
14872,0,Mug
14873,0,Mug
14874,0,Mug
14875,0,Mug
14876,0,Mug
14877,0,Mug
14878,0,Mug
14879,0,Mug
14880,0,Mug
14881,0,Mug
14882,0,Mug
14883,0,Mug
14884,0,Mug
14885,0,Mug
14886,0,Mug
14887,0,Mug
14888,0,Mug
14889,0,Mug
14890,0,Mug
14891,0,Mug
14892,0,Mug
14893,0,Mug
14894,0,Mug
14895,0,Mug
14896,0,Mug
14897,0,Mug
14898,0,Mug
14899,0,Mug
14900,0,Mug
14901,0,Mug
14902,0,Mug
14903,0,Mug
14904,0,Mug
14905,0,Mug
14906,0,Mug
14907,0,Mug
14908,0,Mug
14909,0,Mug
14910,0,Mug
14911,0,Mug
14912,0,Mug
14913,0,Mug
14914,0,Mug
14915,0,Mug
14916,0,Mug
14917,0,Mug
14918,0,Mug
14919,0,Mug
14920,0,Mug
14921,0,Mug
14922,0,Mug
14923,0,Mug
14924,0,Mug
14925,0,Mug
14926,0,Mug
14927,0,Mug
14928,0,Mug
14929,0,Mug
14930,0,Mug
14931,0,Mug
14932,0,Mug
14933,0,Mug
14934,0,Mug
14935,0,Mug
14936,0,Mug
14937,0,Mug
14938,0,Mug
14939,0,Mug
14940,0,Mug
14941,0,Mug
14942,0,Mug
14943,0,Mug
14944,0,Mug
14945,0,Mug
14946,0,Mug
14947,0,Mug
14948,0,Mug
14949,0,Mug
14950,0,Mug
14951,0,Mug
14952,0,Mug
14953,0,Mug
14954,0,Mug
14955,0,Mug
14956,0,Mug
14957,0,Mug
14958,0,Mug
14959,0,Mug
14960,0,Mug
14961,0,Mug
14962,0,Mug
14963,0,Mug
14964,0,Mug
14965,0,Mug
14966,0,Mug
14967,0,Mug
14968,0,Mug
14969,0,Mug
14970,0,Mug
14971,0,Mug
14972,0,Mug
14973,0,Mug
14974,0,Mug
14975,0,Mug
14976,0,Mug
14977,0,Mug
14978,0,Mug
14979,0,Mug
14980,0,Mug
14981,0,Mug
14982,0,Mug
14983,0,Mug
14984,0,Mug
14985,0,Mug
14986,0,Mug
14987,0,Mug
14988,0,Mug
14989,0,Mug
14990,0,Mug
14991,0,Mug
14992,0,Mug
14993,0,Mug
14994,0,Mug
14995,0,Mug
14996,0,Mug
14997,0,Mug
14998,0,Mug
14999,0,Mug
15000,0,Mug
15001,0,Mug
15002,0,Mug
15003,0,Mug
15004,0,Mug
15005,0,Mug
15006,0,Mug
15007,0,Mug
15008,0,Mug
15009,0,Mug
15010,0,Mug
15011,0,Mug
15012,0,Mug
15013,0,Mug
15014,0,Mug
15015,0,Mug
15016,0,Mug
15017,0,Mug
15018,0,Mug
15019,0,Mug
15020,0,Mug
15021,0,Mug
15022,0,Mug
15023,0,Mug
15024,0,Mug
15025,0,Mug
15026,0,Mug
15027,0,Mug
15028,0,Mug
15029,0,Mug
15030,0,Mug
15031,0,Mug
15032,0,Mug
15033,0,Mug
15034,0,Mug
15035,0,Mug
15036,0,Mug
15037,0,Mug
15038,0,Mug
15039,0,Mug
15040,0,Mug
15041,0,Mug
15042,0,Mug
15043,0,Mug
15044,0,Mug
15045,0,Mug
15046,0,Mug
15047,0,Mug
15048,0,Mug
15049,0,Mug
15050,0,Mug
15051,0,Mug
15052,0,Mug
15053,0,Mug
15054,0,Mug
15055,0,Mug
15056,0,Mug
15057,0,Mug
15058,0,Mug
15059,0,Mug
15060,0,Mug
15061,0,Mug
15062,0,Mug
15063,0,Mug
15064,0,Mug
15065,0,Mug
15066,0,Mug
15067,0,Mug
15068,0,Mug
15069,0,Mug
15070,0,Mug
15071,0,Mug
15072,0,Mug
15073,0,Mug
15074,0,Mug
15075,0,Mug
15076,0,Mug
15077,0,Mug
15078,0,Mug
15079,0,Mug
15080,0,Mug
15081,0,Mug
15082,0,Mug
15083,0,Mug
15084,0,Mug
15085,0,Mug
15086,0,Mug
15087,0,Mug
15088,0,Mug
15089,0,Mug
15090,0,Mug
15091,0,Mug
15092,0,Mug
15093,0,Mug
15094,0,Mug
15095,0,Mug
15096,0,Mug
15097,0,Mug
15098,0,Mug
15099,0,Mug
15100,0,Mug
15101,0,Mug
15102,0,Mug
15103,0,Mug
15104,0,Mug
15105,0,Mug
15106,0,Mug
15107,0,Mug
15108,0,Mug
15109,0,Mug
15110,0,Mug
15111,0,Mug
15112,0,Mug
15113,0,Mug
15114,0,Mug
15115,0,Mug
15116,0,Mug
15117,0,Mug
15118,0,Mug
15119,0,Mug
15120,0,Mug
15121,0,Mug
15122,0,Mug
15123,0,Mug
15124,0,Mug
15125,0,Mug
15126,0,Mug
15127,0,Mug
15128,0,Mug
15129,0,Mug
15130,0,Mug
15131,0,Mug
15132,0,Mug
15133,0,Mug
15134,0,Mug
15135,0,Mug
15136,0,Mug
15137,0,Mug
15138,0,Mug
15139,0,Mug
15140,0,Mug
15141,0,Mug
15142,0,Mug
15143,0,Mug
15144,0,Mug
15145,0,Mug
15146,0,Mug
15147,0,Mug
15148,0,Mug
15149,0,Mug
15150,0,Mug
15151,0,Mug
15152,0,Mug
15153,0,Mug
15154,0,Mug
15155,0,Mug
15156,0,Mug
15157,0,Mug
15158,0,Mug
15159,0,Mug
15160,0,Mug
15161,0,Mug
15162,0,Mug
15163,0,Mug
15164,0,Mug
15165,0,Mug
15166,0,Mug
15167,0,Mug
15168,0,Mug
15169,0,Mug
15170,0,Mug
15171,0,Mug
15172,0,Mug
15173,0,Mug
15174,0,Mug
15175,0,Mug
15176,0,Mug
15177,0,Mug
15178,0,Mug
15179,0,Mug
15180,0,Mug
15181,0,Mug
15182,0,Mug
15183,0,Mug
15184,0,Mug
15185,0,Mug
15186,0,Mug
15187,0,Mug
15188,0,Mug
15189,0,Mug
15190,0,Mug
15191,0,Mug
15192,0,Mug
15193,0,Mug
15194,0,Mug
15195,0,Mug
15196,0,Mug
15197,0,Mug
15198,0,Mug
15199,0,Mug
15200,0,Mug
15201,0,Mug
15202,0,Mug
15203,0,Mug
15204,0,Mug
15205,0,Mug
15206,0,Mug
15207,0,Mug
15208,0,Mug
15209,0,Mug
15210,0,Mug
15211,0,Mug
15212,0,Mug
15213,0,Mug
15214,0,Mug
15215,0,Mug
15216,0,Mug
15217,0,Mug
15218,0,Mug
15219,0,Mug
15220,0,Mug
15221,0,Mug
15222,0,Mug
15223,0,Mug
15224,0,Mug
15225,0,Mug
15226,0,Mug
15227,0,Mug
15228,0,Mug
15229,0,Mug
15230,0,Mug
15231,0,Mug
15232,0,Mug
15233,0,Mug
15234,0,Mug
15235,0,Mug
15236,0,Mug
15237,0,Mug
15238,0,Mug
15239,0,Mug
15240,0,Mug
15241,0,Mug
15242,0,Mug
15243,0,Mug
15244,0,Mug
15245,0,Mug
15246,0,Mug
15247,0,Mug
15248,0,Mug
15249,0,Mug
15250,0,Mug
15251,0,Mug
15252,0,Mug
15253,0,Mug
15254,0,Mug
15255,0,Mug
15256,0,Mug
15257,0,Mug
15258,0,Mug
15259,0,Mug
15260,0,Mug
15261,0,Mug
15262,0,Mug
15263,0,Mug
15264,0,Mug
15265,0,Mug
15266,0,Mug
15267,0,Mug
15268,0,Mug
15269,0,Mug
15270,0,Mug
15271,0,Mug
15272,0,Mug
15273,0,Mug
15274,0,Mug
15275,0,Mug
15276,0,Mug
15277,0,Mug
15278,0,Mug
15279,0,Mug
15280,0,Mug
15281,0,Mug
15282,0,Mug
15283,0,Mug
15284,0,Mug
15285,0,Mug
15286,0,Mug
15287,0,Mug
15288,0,Mug
15289,0,Mug
15290,0,Mug
15291,0,Mug
15292,0,Mug
15293,0,Mug
15294,0,Mug
15295,0,Mug
15296,0,Mug
15297,0,Mug
15298,0,Mug
15299,0,Mug
15300,0,Mug
15301,0,Mug
15302,0,Mug
15303,0,Mug
15304,0,Mug
15305,0,Mug
15306,0,Mug
15307,0,Mug
15308,0,Mug
15309,0,Mug
15310,0,Mug
15311,0,Mug
15312,0,Mug
15313,0,Mug
15314,0,Mug
15315,0,Mug
15316,0,Mug
15317,0,Mug
15876,0,Mug
15877,0,Mug
15878,0,Mug
15879,0,Mug
15880,0,Mug
15881,0,Mug
15882,0,Mug
15883,0,Mug
15884,0,Mug
15885,0,Mug
15886,0,Mug
15887,0,Mug
15888,0,Mug
15889,0,Mug
15890,0,Mug
15891,0,Mug
15892,0,Mug
15893,0,Mug
15894,0,Mug
15895,0,Mug
15896,0,Mug
15897,0,Mug
15898,0,Mug
15899,0,Mug
15900,0,Mug
15901,0,Mug
15902,0,Mug
15903,0,Mug
15904,0,Mug
15905,0,Mug
15906,0,Mug
15907,0,Mug
15908,0,Mug
15909,0,Mug
15910,0,Mug
15911,0,Mug
15912,0,Mug
15913,0,Mug
15914,0,Mug
15915,0,Mug
15916,0,Mug
15917,0,Mug
15918,0,Mug
15919,0,Mug
15920,0,Mug
15921,0,Mug
15922,0,Mug
15923,0,Mug
15924,0,Mug
15925,0,Mug
15926,0,Mug
15927,0,Mug
15928,0,Mug
15929,0,Mug
15930,0,Mug
15931,0,Mug
15932,0,Mug
15933,0,Mug
15934,0,Mug
15935,0,Mug
15936,0,Mug
15937,0,Mug
15938,0,Mug
15939,0,Mug
15940,0,Mug
15941,0,Mug
15942,0,Mug
15943,0,Mug
15944,0,Mug
15945,0,Mug
15946,0,Mug
15947,0,Mug
15948,0,Mug
15949,0,Mug
15950,0,Mug
15951,0,Mug
15952,0,Mug
15953,0,Mug
15954,0,Mug
15955,0,Mug
15956,0,Mug
15957,0,Mug
15958,0,Mug
15959,0,Mug
15960,0,Mug
15961,0,Mug
15962,0,Mug
15963,0,Mug
15964,0,Mug
15965,0,Mug
15966,0,Mug
15967,0,Mug
15968,0,Mug
15969,0,Mug
15970,0,Mug
15971,0,Mug
15972,0,Mug
15973,0,Mug
15974,0,Mug
15975,0,Mug
15976,0,Mug
15977,0,Mug
15978,0,Mug
15979,0,Mug
15980,0,Mug
15981,0,Mug
15982,0,Mug
15983,0,Mug
15984,0,Mug
15985,0,Mug
15986,0,Mug
15987,0,Mug
15988,0,Mug
15989,0,Mug
15990,0,Mug
15991,0,Mug
15992,0,Mug
15993,0,Mug
15994,0,Mug
15995,0,Mug
15996,0,Mug
15997,0,Mug
15998,0,Mug
15999,0,Mug
16000,0,Mug
16001,0,Mug
16002,0,Mug
16003,0,Mug
16004,0,Mug
16005,0,Mug
16006,0,Mug
16007,0,Mug
16008,0,Mug
16009,0,Mug
16010,0,Mug
16011,0,Mug
16012,0,Mug
16013,0,Mug
16014,0,Mug
16015,0,Mug
16016,0,Mug
16017,0,Mug
16018,0,Mug
16019,0,Mug
16020,0,Mug
16021,0,Mug
16022,0,Mug
16023,0,Mug
16024,0,Mug
16025,0,Mug
16026,0,Mug
16027,0,Mug
16028,0,Mug
16029,0,Mug
16030,0,Mug
16031,0,Mug
16032,0,Mug
16033,0,Mug
16034,0,Mug
16035,0,Mug
16036,0,Mug
16037,0,Mug
16038,0,Mug
16039,0,Mug
16040,0,Mug
16041,0,Mug
16042,0,Mug
16043,0,Mug
16044,0,Mug
16045,0,Mug
16046,0,Mug
16047,0,Mug
16048,0,Mug
16049,0,Mug
16050,0,Mug
16051,0,Mug
16052,0,Mug
16053,0,Mug
16054,0,Mug
16055,0,Mug
16056,0,Mug
16057,0,Mug
16058,0,Mug
16059,0,Mug
16060,0,Mug
16061,0,Mug
16062,0,Mug
16063,0,Mug
16064,0,Mug
16065,0,Mug
16066,0,Mug
16067,0,Mug
16068,0,Mug
16069,0,Mug
16070,0,Mug
16071,0,Mug
16072,0,Mug
16073,0,Mug
16074,0,Mug
16075,0,Mug
16076,0,Mug
16077,0,Mug
16078,0,Mug
16079,0,Mug
16080,0,Mug
16081,0,Mug
16082,0,Mug
16083,0,Mug
16084,0,Mug
16085,0,Mug
16086,0,Mug
16087,0,Mug
16088,0,Mug
16089,0,Mug
16090,0,Mug
16091,0,Mug
16092,0,Mug
16093,0,Mug
16094,0,Mug
16095,0,Mug
16096,0,Mug
16097,0,Mug
16098,0,Mug
16099,0,Mug
16100,0,Mug
16101,0,Mug
16102,0,Mug
16103,0,Mug
16104,0,Mug
16105,0,Mug
16106,0,Mug
16107,0,Mug
16108,0,Mug
16109,0,Mug
16110,0,Mug
16111,0,Mug
16112,0,Mug
16113,0,Mug
16114,0,Mug
16115,0,Mug
16116,0,Mug
16117,0,Mug
16118,0,Mug
16119,0,Mug
16120,0,Mug
16121,0,Mug
16122,0,Mug
16123,0,Mug
16124,0,Mug
16125,0,Mug
16126,0,Mug
16127,0,Mug
16128,0,Mug
16129,0,Mug
16130,0,Mug
16131,0,Mug
16132,0,Mug
16133,0,Mug
16134,0,Mug
16135,0,Mug
16136,0,Mug
16137,0,Mug
16138,0,Mug
16139,0,Mug
16140,0,Mug
16141,0,Mug
16142,0,Mug
16143,0,Mug
16144,0,Mug
16145,0,Mug
16146,0,Mug
16147,0,Mug
16148,0,Mug
16149,0,Mug
16150,0,Mug
16151,0,Mug
16152,0,Mug
16153,0,Mug
16154,0,Mug
16155,0,Mug
16156,0,Mug
16157,0,Mug
16158,0,Mug
16159,0,Mug
16160,0,Mug
16161,0,Mug
16162,0,Mug
16163,0,Mug
16164,0,Mug
16165,0,Mug
16166,0,Mug
16167,0,Mug
16168,0,Mug
16169,0,Mug
16170,0,Mug
16171,0,Mug
16172,0,Mug
16173,0,Mug
16174,0,Mug
16175,0,Mug
16176,0,Mug
16177,0,Mug
16178,0,Mug
16179,0,Mug
16180,0,Mug
16181,0,Mug
16182,0,Mug
16183,0,Mug
16184,0,Mug
16185,0,Mug
16186,0,Mug
16187,0,Mug
16188,0,Mug
16189,0,Mug
16190,0,Mug
16191,0,Mug
16192,0,Mug
16193,0,Mug
16194,0,Mug
16195,0,Mug
16196,0,Mug
16197,0,Mug
16198,0,Mug
16199,0,Mug
16200,0,Mug
16201,0,Mug
16202,0,Mug
16203,0,Mug
16204,0,Mug
16205,0,Mug
16206,0,Mug
16207,0,Mug
16208,0,Mug
16209,0,Mug
16210,0,Mug
16211,0,Mug
16212,0,Mug
16213,0,Mug
16214,0,Mug
16215,0,Mug
16216,0,Mug
16217,0,Mug
16218,0,Mug
16219,0,Mug
16220,0,Mug
16221,0,Mug
16222,0,Mug
16223,0,Mug
16224,0,Mug
16225,0,Mug
16226,0,Mug
16227,0,Mug
16228,0,Mug
16229,0,Mug
16230,0,Mug
16231,0,Mug
16232,0,Mug
16233,0,Mug
16234,0,Mug
16235,0,Mug
16236,0,Mug
16237,0,Mug
16238,0,Mug
16239,0,Mug
16240,0,Mug
16241,0,Mug
16242,0,Mug
16243,0,Mug
16244,0,Mug
16245,0,Mug
16246,0,Mug
16247,0,Mug
16248,0,Mug
16249,0,Mug
16250,0,Mug
16251,0,Mug
16252,0,Mug
16253,0,Mug
16254,0,Mug
16255,0,Mug
16256,0,Mug
16257,0,Mug
16258,0,Mug
16259,0,Mug
16260,0,Mug
16261,0,Mug
16262,0,Mug
16263,0,Mug
16264,0,Mug
16265,0,Mug
16266,0,Mug
16267,0,Mug
16268,0,Mug
16269,0,Mug
16270,0,Mug
16271,0,Mug
16272,0,Mug
16273,0,Mug
16274,0,Mug
16275,0,Mug
16276,0,Mug
16277,0,Mug
16278,0,Mug
16279,0,Mug
16280,0,Mug
16281,0,Mug
16282,0,Mug
16283,0,Mug
16284,0,Mug
16285,0,Mug
16286,0,Mug
16287,0,Mug
16288,0,Mug
16289,0,Mug
16290,0,Mug
16291,0,Mug
16292,0,Mug
16293,0,Mug
16294,0,Mug
16295,0,Mug
16296,0,Mug
16297,0,Mug
16298,0,Mug
16299,0,Mug
16300,0,Mug
16301,0,Mug
16302,0,Mug
16303,0,Mug
16304,0,Mug
16305,0,Mug
16306,0,Mug
16307,0,Mug
16308,0,Mug
16309,0,Mug
16310,0,Mug
16311,0,Mug
16312,0,Mug
16313,0,Mug
16314,0,Mug
16315,0,Mug
16316,0,Mug
16317,0,Mug
16318,0,Mug
16319,0,Mug
16320,0,Mug
16321,0,Mug
16322,0,Mug
16323,0,Mug
16324,0,Mug
16325,0,Mug
16326,0,Mug
16327,0,Mug
16328,0,Mug
16329,0,Mug
16330,0,Mug
16331,0,Mug
16332,0,Mug
16333,0,Mug
16334,0,Mug
16335,0,Mug
16336,0,Mug
16337,0,Mug
16338,0,Mug
16339,0,Mug
16340,0,Mug
16341,0,Mug
16342,0,Mug
16343,0,Mug
16344,0,Mug
16345,0,Mug
16346,0,Mug
16347,0,Mug
16348,0,Mug
16349,0,Mug
16350,0,Mug
16351,0,Mug
16352,0,Mug
16353,0,Mug
16354,0,Mug
16355,0,Mug
16356,0,Mug
16357,0,Mug
16358,0,Mug
16359,0,Mug
16360,0,Mug
16361,0,Mug
16362,0,Mug
16363,0,Mug
16364,0,Mug
16365,0,Mug
16366,0,Mug
16367,0,Mug
16368,0,Mug
16369,0,Mug
16370,0,Mug
16371,0,Mug
16372,0,Mug
16373,0,Mug
16374,0,Mug
16375,0,Mug
16376,0,Mug
16377,0,Mug
16378,0,Mug
16379,0,Mug
16380,0,Mug
16381,0,Mug
16382,0,Mug
16383,0,Mug
16384,0,Mug
16385,0,Mug
16386,0,Mug
16387,0,Mug
16388,0,Mug
16389,0,Mug
16390,0,Mug
16391,0,Mug
16392,0,Mug
16393,0,Mug
16394,0,Mug
16395,0,Mug
16396,0,Mug
16397,0,Mug
16398,0,Mug
16399,0,Mug
16400,0,Mug
16401,0,Mug
16402,0,Mug
16403,0,Mug
16404,0,Mug
16405,0,Mug
16406,0,Mug
16407,0,Mug
16408,0,Mug
16409,0,Mug
16410,0,Mug
16411,0,Mug
16412,0,Mug
16413,0,Mug
16414,0,Mug
16415,0,Mug
16974,0,Mug
16975,0,Mug
16976,0,Mug
16977,0,Mug
16978,0,Mug
16979,0,Mug
16980,0,Mug
16981,0,Mug
16982,0,Mug
16983,0,Mug
16984,0,Mug
16985,0,Mug
16986,0,Mug
16987,0,Mug
16988,0,Mug
16989,0,Mug
16990,0,Mug
16991,0,Mug
16992,0,Mug
16993,0,Mug
16994,0,Mug
16995,0,Mug
16996,0,Mug
16997,0,Mug
16998,0,Mug
16999,0,Mug
17000,0,Mug
17001,0,Mug
17002,0,Mug
17003,0,Mug
17004,0,Mug
17005,0,Mug
17006,0,Mug
17007,0,Mug
17008,0,Mug
17009,0,Mug
17010,0,Mug
17011,0,Mug
17012,0,Mug
17013,0,Mug
17014,0,Mug
17015,0,Mug
17016,0,Mug
17017,0,Mug
17018,0,Mug
17019,0,Mug
17020,0,Mug
17021,0,Mug
17022,0,Mug
17023,0,Mug
17024,0,Mug
17025,0,Mug
17026,0,Mug
17027,0,Mug
17028,0,Mug
17029,0,Mug
17030,0,Mug
17031,0,Mug
17032,0,Mug
17033,0,Mug
17034,0,Mug
17035,0,Mug
17036,0,Mug
17037,0,Mug
17038,0,Mug
17039,0,Mug
17040,0,Mug
17041,0,Mug
17042,0,Mug
17043,0,Mug
17044,0,Mug
17045,0,Mug
17046,0,Mug
17047,0,Mug
17048,0,Mug
17049,0,Mug
17050,0,Mug
17051,0,Mug
17052,0,Mug
17053,0,Mug
17054,0,Mug
17055,0,Mug
17056,0,Mug
17057,0,Mug
17058,0,Mug
17059,0,Mug
17060,0,Mug
17061,0,Mug
17062,0,Mug
17063,0,Mug
17064,0,Mug
17065,0,Mug
17066,0,Mug
17067,0,Mug
17068,0,Mug
17069,0,Mug
17070,0,Mug
17071,0,Mug
17072,0,Mug
17073,0,Mug
17074,0,Mug
17075,0,Mug
17076,0,Mug
17077,0,Mug
17078,0,Mug
17079,0,Mug
17080,0,Mug
17081,0,Mug
17082,0,Mug
17083,0,Mug
17084,0,Mug
17085,0,Mug
17086,0,Mug
17087,0,Mug
17088,0,Mug
17089,0,Mug
17090,0,Mug
17091,0,Mug
17092,0,Mug
17093,0,Mug
17094,0,Mug
17095,0,Mug
17096,0,Mug
17097,0,Mug
17098,0,Mug
17099,0,Mug
17100,0,Mug
17101,0,Mug
17102,0,Mug
17103,0,Mug
17104,0,Mug
17105,0,Mug
17106,0,Mug
17107,0,Mug
17108,0,Mug
17109,0,Mug
17110,0,Mug
17111,0,Mug
17112,0,Mug
17113,0,Mug
17114,0,Mug
17115,0,Mug
17116,0,Mug
17117,0,Mug
17118,0,Mug
17119,0,Mug
17120,0,Mug
17121,0,Mug
17122,0,Mug
17123,0,Mug
17124,0,Mug
17125,0,Mug
17126,0,Mug
17127,0,Mug
17128,0,Mug
17129,0,Mug
17130,0,Mug
17131,0,Mug
17132,0,Mug
17133,0,Mug
17134,0,Mug
17135,0,Mug
17136,0,Mug
17137,0,Mug
17138,0,Mug
17139,0,Mug
17140,0,Mug
17141,0,Mug
17142,0,Mug
17143,0,Mug
17144,0,Mug
17145,0,Mug
17146,0,Mug
17147,0,Mug
17148,0,Mug
17149,0,Mug
17150,0,Mug
17151,0,Mug
17152,0,Mug
17153,0,Mug
17154,0,Mug
17155,0,Mug
17156,0,Mug
17157,0,Mug
17158,0,Mug
17159,0,Mug
17160,0,Mug
17161,0,Mug
17162,0,Mug
17163,0,Mug
17164,0,Mug
17165,0,Mug
17166,0,Mug
17167,0,Mug
17168,0,Mug
17169,0,Mug
17170,0,Mug
17171,0,Mug
17172,0,Mug
17173,0,Mug
17174,0,Mug
17175,0,Mug
17176,0,Mug
17177,0,Mug
17178,0,Mug
17179,0,Mug
17180,0,Mug
17181,0,Mug
17182,0,Mug
17183,0,Mug
17184,0,Mug
17185,0,Mug
17186,0,Mug
17187,0,Mug
17188,0,Mug
17189,0,Mug
17190,0,Mug
17191,0,Mug
17192,0,Mug
17193,0,Mug
17194,0,Mug
17195,0,Mug
17196,0,Mug
17197,0,Mug
17198,0,Mug
17199,0,Mug
17200,0,Mug
17201,0,Mug
17202,0,Mug
17203,0,Mug
17204,0,Mug
17205,0,Mug
17206,0,Mug
17207,0,Mug
17208,0,Mug
17209,0,Mug
17210,0,Mug
17211,0,Mug
17212,0,Mug
17213,0,Mug
17214,0,Mug
17215,0,Mug
17216,0,Mug
17217,0,Mug
17218,0,Mug
17219,0,Mug
17220,0,Mug
17221,0,Mug
17222,0,Mug
17223,0,Mug
17224,0,Mug
17225,0,Mug
17226,0,Mug
17227,0,Mug
17228,0,Mug
17229,0,Mug
17230,0,Mug
17231,0,Mug
17232,0,Mug
17233,0,Mug
17234,0,Mug
17235,0,Mug
17236,0,Mug
17237,0,Mug
17238,0,Mug
17239,0,Mug
17240,0,Mug
17241,0,Mug
17242,0,Mug
17243,0,Mug
17244,0,Mug
17245,0,Mug
17246,0,Mug
17247,0,Mug
17248,0,Mug
17249,0,Mug
17250,0,Mug
17251,0,Mug
17252,0,Mug
17253,0,Mug
17254,0,Mug
17255,0,Mug
17256,0,Mug
17257,0,Mug
17258,0,Mug
17259,0,Mug
17260,0,Mug
17261,0,Mug
17262,0,Mug
17263,0,Mug
17264,0,Mug
17265,0,Mug
17266,0,Mug
17267,0,Mug
17268,0,Mug
17269,0,Mug
17270,0,Mug
17271,0,Mug
17272,0,Mug
17273,0,Mug
17274,0,Mug
17275,0,Mug
17276,0,Mug
17277,0,Mug
17278,0,Mug
17279,0,Mug
17280,0,Mug
17281,0,Mug
17282,0,Mug
17283,0,Mug
17284,0,Mug
17285,0,Mug
17286,0,Mug
17287,0,Mug
17288,0,Mug
17289,0,Mug
17290,0,Mug
17291,0,Mug
17292,0,Mug
17293,0,Mug
17294,0,Mug
17295,0,Mug
17296,0,Mug
17297,0,Mug
17298,0,Mug
17299,0,Mug
17300,0,Mug
17301,0,Mug
17302,0,Mug
17303,0,Mug
17304,0,Mug
17305,0,Mug
17306,0,Mug
17307,0,Mug
17308,0,Mug
17309,0,Mug
17310,0,Mug
17311,0,Mug
17312,0,Mug
17313,0,Mug
17314,0,Mug
17315,0,Mug
17316,0,Mug
17317,0,Mug
17318,0,Mug
17319,0,Mug
17320,0,Mug
17321,0,Mug
17322,0,Mug
17323,0,Mug
17324,0,Mug
17325,0,Mug
17326,0,Mug
17327,0,Mug
17328,0,Mug
17329,0,Mug
17330,0,Mug
17331,0,Mug
17332,0,Mug
17333,0,Mug
17334,0,Mug
17335,0,Mug
17336,0,Mug
17337,0,Mug
17338,0,Mug
17339,0,Mug
17340,0,Mug
17341,0,Mug
17342,0,Mug
17343,0,Mug
17344,0,Mug
17345,0,Mug
17346,0,Mug
17347,0,Mug
17348,0,Mug
17349,0,Mug
17350,0,Mug
17351,0,Mug
17352,0,Mug
17353,0,Mug
17354,0,Mug
17355,0,Mug
17356,0,Mug
17357,0,Mug
17358,0,Mug
17359,0,Mug
17360,0,Mug
17361,0,Mug
17362,0,Mug
17363,0,Mug
17364,0,Mug
17365,0,Mug
17366,0,Mug
17367,0,Mug
17368,0,Mug
17369,0,Mug
17370,0,Mug
17371,0,Mug
17372,0,Mug
17373,0,Mug
17374,0,Mug
17375,0,Mug
17376,0,Mug
17377,0,Mug
17378,0,Mug
17379,0,Mug
17380,0,Mug
17381,0,Mug
17382,0,Mug
17383,0,Mug
17384,0,Mug
17385,0,Mug
17386,0,Mug
17387,0,Mug
17388,0,Mug
17389,0,Mug
17390,0,Mug
17391,0,Mug
17392,0,Mug
17393,0,Mug
17394,0,Mug
17395,0,Mug
17396,0,Mug
17397,0,Mug
17398,0,Mug
17399,0,Mug
17400,0,Mug
17401,0,Mug
17402,0,Mug
17403,0,Mug
17404,0,Mug
17405,0,Mug
17406,0,Mug
17407,0,Mug
17408,0,Mug
17409,0,Mug
17410,0,Mug
17411,0,Mug
17412,0,Mug
17413,0,Mug
17414,0,Mug
17415,0,Mug
17416,0,Mug
17417,0,Mug
17418,0,Mug
17419,0,Mug
17420,0,Mug
17421,0,Mug
17422,0,Mug
17423,0,Mug
17424,0,Mug
17425,0,Mug
17426,0,Mug
17427,0,Mug
17428,0,Mug
17429,0,Mug
17430,0,Mug
17431,0,Mug
17432,0,Mug
17433,0,Mug
17434,0,Mug
17435,0,Mug
17436,0,Mug
17437,0,Mug
17438,0,Mug
17439,0,Mug
17440,0,Mug
17441,0,Mug
17442,0,Mug
17443,0,Mug
17444,0,Mug
17445,0,Mug
17446,0,Mug
17447,0,Mug
17448,0,Mug
17449,0,Mug
17450,0,Mug
17451,0,Mug
17452,0,Mug
17453,0,Mug
17454,0,Mug
17455,0,Mug
17456,0,Mug
17457,0,Mug
17458,0,Mug
17459,0,Mug
17460,0,Mug
17461,0,Mug
17462,0,Mug
17463,0,Mug
17464,0,Mug
17465,0,Mug
17466,0,Mug
17467,0,Mug
17468,0,Mug
17469,0,Mug
17470,0,Mug
17471,0,Mug
17472,0,Mug
17473,0,Mug
17474,0,Mug
17475,0,Mug
17476,0,Mug
17477,0,Mug
17478,0,Mug
17479,0,Mug
17480,0,Mug
17481,0,Mug
17482,0,Mug
17483,0,Mug
17484,0,Mug
17485,0,Mug
17486,0,Mug
17487,0,Mug
17488,0,Mug
17489,0,Mug
17490,0,Mug
17491,0,Mug
17492,0,Mug
17493,0,Mug
17494,0,Mug
17495,0,Mug
17496,0,Mug
17497,0,Mug
17498,0,Mug
17499,0,Mug
17500,0,Mug
17501,0,Mug
17502,0,Mug
17503,0,Mug
17504,0,Mug
17505,0,Mug
17506,0,Mug
17507,0,Mug
17508,0,Mug
17509,0,Mug
17510,0,Mug
17511,0,Mug
17512,0,Mug
17513,0,Mug
17514,0,Mug
17515,0,Mug
17516,0,Mug
17517,0,Mug
17518,0,Mug
17519,0,Mug
17520,0,Mug
17521,0,Mug
17522,0,Mug
17523,0,Mug
17524,0,Mug
17525,0,Mug
17526,0,Mug
17527,0,Mug
17528,0,Mug
17529,0,Mug
17530,0,Mug
17531,0,Mug
20286,0,Mug
20287,0,Mug
20288,0,Mug
20289,0,Mug
20290,0,Mug
20291,0,Mug
20292,0,Mug
20293,0,Mug
20294,0,Mug
20295,0,Mug
20296,0,Mug
20297,0,Mug
20298,0,Mug
20299,0,Mug
20300,0,Mug
20301,0,Mug
20302,0,Mug
20303,0,Mug
20304,0,Mug
20305,0,Mug
20306,0,Mug
20307,0,Mug
20308,0,Mug
20309,0,Mug
20310,0,Mug
20311,0,Mug
20312,0,Mug
20313,0,Mug
20314,0,Mug
20315,0,Mug
20316,0,Mug
20317,0,Mug
20318,0,Mug
20319,0,Mug
20320,0,Mug
20321,0,Mug
20322,0,Mug
20323,0,Mug
20324,0,Mug
20325,0,Mug
20326,0,Mug
20327,0,Mug
20328,0,Mug
20329,0,Mug
20330,0,Mug
20331,0,Mug
20332,0,Mug
20333,0,Mug
20334,0,Mug
20335,0,Mug
20336,0,Mug
20337,0,Mug
20338,0,Mug
20339,0,Mug
20340,0,Mug
20341,0,Mug
20342,0,Mug
20343,0,Mug
20344,0,Mug
20345,0,Mug
20346,0,Mug
20347,0,Mug
20348,0,Mug
20349,0,Mug
20350,0,Mug
20351,0,Mug
20352,0,Mug
20353,0,Mug
20354,0,Mug
20355,0,Mug
20356,0,Mug
20357,0,Mug
20358,0,Mug
20359,0,Mug
20360,0,Mug
20361,0,Mug
20362,0,Mug
20363,0,Mug
20364,0,Mug
20365,0,Mug
20366,0,Mug
20367,0,Mug
20368,0,Mug
20369,0,Mug
20370,0,Mug
20371,0,Mug
20372,0,Mug
20373,0,Mug
20374,0,Mug
20375,0,Mug
20376,0,Mug
20377,0,Mug
20378,0,Mug
20379,0,Mug
20380,0,Mug
20381,0,Mug
20382,0,Mug
20383,0,Mug
20384,0,Mug
20385,0,Mug
20386,0,Mug
20387,0,Mug
20388,0,Mug
20389,0,Mug
20390,0,Mug
20391,0,Mug
20392,0,Mug
20393,0,Mug
20394,0,Mug
20395,0,Mug
20396,0,Mug
20397,0,Mug
20398,0,Mug
20399,0,Mug
20400,0,Mug
20401,0,Mug
20402,0,Mug
20403,0,Mug
20404,0,Mug
20405,0,Mug
20406,0,Mug
20407,0,Mug
20408,0,Mug
20409,0,Mug
20410,0,Mug
20411,0,Mug
20412,0,Mug
20413,0,Mug
20414,0,Mug
20415,0,Mug
20416,0,Mug
20417,0,Mug
20418,0,Mug
20419,0,Mug
20420,0,Mug
20421,0,Mug
20422,0,Mug
20423,0,Mug
20424,0,Mug
20425,0,Mug
20426,0,Mug
20427,0,Mug
20428,0,Mug
20429,0,Mug
20430,0,Mug
20431,0,Mug
20432,0,Mug
20433,0,Mug
20434,0,Mug
20435,0,Mug
20436,0,Mug
20437,0,Mug
20438,0,Mug
20439,0,Mug
20440,0,Mug
20441,0,Mug
20442,0,Mug
20443,0,Mug
20444,0,Mug
20445,0,Mug
20446,0,Mug
20447,0,Mug
20448,0,Mug
20449,0,Mug
20450,0,Mug
20451,0,Mug
20452,0,Mug
20453,0,Mug
20454,0,Mug
20455,0,Mug
20456,0,Mug
20457,0,Mug
20458,0,Mug
20459,0,Mug
20460,0,Mug
20461,0,Mug
20462,0,Mug
20463,0,Mug
20464,0,Mug
20465,0,Mug
20466,0,Mug
20467,0,Mug
20468,0,Mug
20469,0,Mug
20470,0,Mug
20471,0,Mug
20472,0,Mug
20473,0,Mug
20474,0,Mug
20475,0,Mug
20476,0,Mug
20477,0,Mug
20478,0,Mug
20479,0,Mug
20480,0,Mug
20481,0,Mug
20482,0,Mug
20483,0,Mug
20484,0,Mug
20485,0,Mug
20486,0,Mug
20487,0,Mug
20488,0,Mug
20489,0,Mug
20490,0,Mug
20491,0,Mug
20492,0,Mug
20493,0,Mug
20494,0,Mug
20495,0,Mug
20496,0,Mug
20497,0,Mug
20498,0,Mug
20499,0,Mug
20500,0,Mug
20501,0,Mug
20502,0,Mug
20503,0,Mug
20504,0,Mug
20505,0,Mug
20506,0,Mug
20507,0,Mug
20508,0,Mug
20509,0,Mug
20510,0,Mug
20511,0,Mug
20512,0,Mug
20513,0,Mug
20514,0,Mug
20515,0,Mug
20516,0,Mug
20517,0,Mug
20518,0,Mug
20519,0,Mug
20520,0,Mug
20521,0,Mug
20522,0,Mug
20523,0,Mug
20524,0,Mug
20525,0,Mug
20526,0,Mug
20527,0,Mug
20528,0,Mug
20529,0,Mug
20530,0,Mug
20531,0,Mug
20532,0,Mug
20533,0,Mug
20534,0,Mug
20535,0,Mug
20536,0,Mug
20537,0,Mug
20538,0,Mug
20539,0,Mug
20540,0,Mug
20541,0,Mug
20542,0,Mug
20543,0,Mug
20544,0,Mug
20545,0,Mug
20546,0,Mug
20547,0,Mug
20548,0,Mug
20549,0,Mug
20550,0,Mug
20551,0,Mug
20552,0,Mug
20553,0,Mug
20554,0,Mug
20555,0,Mug
20556,0,Mug
20557,0,Mug
20558,0,Mug
20559,0,Mug
20560,0,Mug
20561,0,Mug
20562,0,Mug
20563,0,Mug
20564,0,Mug
20565,0,Mug
20566,0,Mug
20567,0,Mug
20568,0,Mug
20569,0,Mug
20570,0,Mug
20571,0,Mug
20572,0,Mug
20573,0,Mug
20574,0,Mug
20575,0,Mug
20576,0,Mug
20577,0,Mug
20578,0,Mug
20579,0,Mug
20580,0,Mug
20581,0,Mug
20582,0,Mug
20583,0,Mug
20584,0,Mug
20585,0,Mug
20586,0,Mug
20587,0,Mug
20588,0,Mug
20589,0,Mug
20590,0,Mug
20591,0,Mug
20592,0,Mug
20593,0,Mug
20594,0,Mug
20595,0,Mug
20596,0,Mug
20597,0,Mug
20598,0,Mug
20599,0,Mug
20600,0,Mug
20601,0,Mug
20602,0,Mug
20603,0,Mug
20604,0,Mug
20605,0,Mug
20606,0,Mug
20607,0,Mug
20608,0,Mug
20609,0,Mug
20610,0,Mug
20611,0,Mug
20612,0,Mug
20613,0,Mug
20614,0,Mug
20615,0,Mug
20616,0,Mug
20617,0,Mug
20618,0,Mug
20619,0,Mug
20620,0,Mug
20621,0,Mug
20622,0,Mug
20623,0,Mug
20624,0,Mug
20625,0,Mug
20626,0,Mug
20627,0,Mug
20628,0,Mug
20629,0,Mug
20630,0,Mug
20631,0,Mug
20632,0,Mug
20633,0,Mug
20634,0,Mug
20635,0,Mug
20636,0,Mug
20637,0,Mug
20638,0,Mug
20639,0,Mug
20640,0,Mug
20641,0,Mug
20642,0,Mug
20643,0,Mug
20644,0,Mug
20645,0,Mug
20646,0,Mug
20647,0,Mug
20648,0,Mug
20649,0,Mug
20650,0,Mug
20651,0,Mug
20652,0,Mug
20653,0,Mug
20654,0,Mug
20655,0,Mug
20656,0,Mug
20657,0,Mug
20658,0,Mug
20659,0,Mug
20660,0,Mug
20661,0,Mug
20662,0,Mug
20663,0,Mug
20664,0,Mug
20665,0,Mug
20666,0,Mug
20667,0,Mug
20668,0,Mug
20669,0,Mug
20670,0,Mug
20671,0,Mug
20672,0,Mug
20673,0,Mug
20674,0,Mug
20675,0,Mug
20676,0,Mug
20677,0,Mug
20678,0,Mug
20679,0,Mug
20680,0,Mug
20681,0,Mug
20682,0,Mug
20683,0,Mug
20684,0,Mug
20685,0,Mug
20686,0,Mug
20687,0,Mug
20688,0,Mug
20689,0,Mug
20690,0,Mug
20691,0,Mug
20692,0,Mug
20693,0,Mug
20694,0,Mug
20695,0,Mug
20696,0,Mug
20697,0,Mug
20698,0,Mug
20699,0,Mug
20700,0,Mug
20701,0,Mug
20702,0,Mug
20703,0,Mug
20704,0,Mug
20705,0,Mug
20706,0,Mug
20707,0,Mug
20708,0,Mug
20709,0,Mug
20710,0,Mug
20711,0,Mug
20712,0,Mug
20713,0,Mug
20714,0,Mug
20715,0,Mug
20716,0,Mug
20717,0,Mug
20718,0,Mug
20719,0,Mug
20720,0,Mug
20721,0,Mug
20722,0,Mug
20723,0,Mug
20724,0,Mug
20725,0,Mug
20726,0,Mug
20727,0,Mug
20728,0,Mug
20729,0,Mug
20730,0,Mug
20731,0,Mug
20732,0,Mug
20733,0,Mug
20734,0,Mug
20735,0,Mug
20736,0,Mug
20737,0,Mug
20738,0,Mug
20739,0,Mug
20740,0,Mug
20741,0,Mug
20742,0,Mug
20743,0,Mug
20744,0,Mug
20745,0,Mug
20746,0,Mug
20747,0,Mug
20748,0,Mug
20749,0,Mug
20750,0,Mug
20751,0,Mug
20752,0,Mug
20753,0,Mug
20754,0,Mug
20755,0,Mug
20756,0,Mug
20757,0,Mug
20758,0,Mug
20759,0,Mug
20760,0,Mug
20761,0,Mug
20762,0,Mug
20763,0,Mug
20764,0,Mug
20765,0,Mug
20766,0,Mug
20767,0,Mug
20768,0,Mug
20769,0,Mug
20770,0,Mug
20771,0,Mug
20772,0,Mug
20773,0,Mug
20774,0,Mug
20775,0,Mug
20776,0,Mug
20777,0,Mug
20778,0,Mug
20779,0,Mug
20780,0,Mug
20781,0,Mug
20782,0,Mug
20783,0,Mug
20784,0,Mug
20785,0,Mug
20786,0,Mug
20787,0,Mug
20788,0,Mug
20789,0,Mug
21348,0,Mug
21349,0,Mug
21350,0,Mug
21351,0,Mug
21352,0,Mug
21353,0,Mug
21354,0,Mug
21355,0,Mug
21356,0,Mug
21357,0,Mug
21358,0,Mug
21359,0,Mug
21360,0,Mug
21361,0,Mug
21362,0,Mug
21363,0,Mug
21364,0,Mug
21365,0,Mug
21366,0,Mug
21367,0,Mug
21368,0,Mug
21369,0,Mug
21370,0,Mug
21371,0,Mug
21372,0,Mug
21373,0,Mug
21374,0,Mug
21375,0,Mug
21376,0,Mug
21377,0,Mug
21378,0,Mug
21379,0,Mug
21380,0,Mug
21381,0,Mug
21382,0,Mug
21383,0,Mug
21384,0,Mug
21385,0,Mug
21386,0,Mug
21387,0,Mug
21388,0,Mug
21389,0,Mug
21390,0,Mug
21391,0,Mug
21392,0,Mug
21393,0,Mug
21394,0,Mug
21395,0,Mug
21396,0,Mug
21397,0,Mug
21398,0,Mug
21399,0,Mug
21400,0,Mug
21401,0,Mug
21402,0,Mug
21403,0,Mug
21404,0,Mug
21405,0,Mug
21406,0,Mug
21407,0,Mug
21408,0,Mug
21409,0,Mug
21410,0,Mug
21411,0,Mug
21412,0,Mug
21413,0,Mug
21414,0,Mug
21415,0,Mug
21416,0,Mug
21417,0,Mug
21418,0,Mug
21419,0,Mug
21420,0,Mug
21421,0,Mug
21422,0,Mug
21423,0,Mug
21424,0,Mug
21425,0,Mug
21426,0,Mug
21427,0,Mug
21428,0,Mug
21429,0,Mug
21430,0,Mug
21431,0,Mug
21432,0,Mug
21433,0,Mug
21434,0,Mug
21435,0,Mug
21436,0,Mug
21437,0,Mug
21438,0,Mug
21439,0,Mug
21440,0,Mug
21441,0,Mug
21442,0,Mug
21443,0,Mug
21444,0,Mug
21445,0,Mug
21446,0,Mug
21447,0,Mug
21448,0,Mug
21449,0,Mug
21450,0,Mug
21451,0,Mug
21452,0,Mug
21453,0,Mug
21454,0,Mug
21455,0,Mug
21456,0,Mug
21457,0,Mug
21458,0,Mug
21459,0,Mug
21460,0,Mug
21461,0,Mug
21462,0,Mug
21463,0,Mug
21464,0,Mug
21465,0,Mug
21466,0,Mug
21467,0,Mug
21468,0,Mug
21469,0,Mug
21470,0,Mug
21471,0,Mug
21472,0,Mug
21473,0,Mug
21474,0,Mug
21475,0,Mug
21476,0,Mug
21477,0,Mug
21478,0,Mug
21479,0,Mug
21480,0,Mug
21481,0,Mug
21482,0,Mug
21483,0,Mug
21484,0,Mug
21485,0,Mug
21486,0,Mug
21487,0,Mug
21488,0,Mug
21489,0,Mug
21490,0,Mug
21491,0,Mug
21492,0,Mug
21493,0,Mug
21494,0,Mug
21495,0,Mug
21496,0,Mug
21497,0,Mug
21498,0,Mug
21499,0,Mug
21500,0,Mug
21501,0,Mug
21502,0,Mug
21503,0,Mug
21504,0,Mug
21505,0,Mug
21506,0,Mug
21507,0,Mug
21508,0,Mug
21509,0,Mug
21510,0,Mug
21511,0,Mug
21512,0,Mug
21513,0,Mug
21514,0,Mug
21515,0,Mug
21516,0,Mug
21517,0,Mug
21518,0,Mug
21519,0,Mug
21520,0,Mug
21521,0,Mug
21522,0,Mug
21523,0,Mug
21524,0,Mug
21525,0,Mug
21526,0,Mug
21527,0,Mug
21528,0,Mug
21529,0,Mug
21530,0,Mug
21531,0,Mug
21532,0,Mug
21533,0,Mug
21534,0,Mug
21535,0,Mug
21536,0,Mug
21537,0,Mug
21538,0,Mug
21539,0,Mug
21540,0,Mug
21541,0,Mug
21542,0,Mug
21543,0,Mug
21544,0,Mug
21545,0,Mug
21546,0,Mug
21547,0,Mug
21548,0,Mug
21549,0,Mug
21550,0,Mug
21551,0,Mug
21552,0,Mug
21553,0,Mug
21554,0,Mug
21555,0,Mug
21556,0,Mug
21557,0,Mug
21558,0,Mug
21559,0,Mug
21560,0,Mug
21561,0,Mug
21562,0,Mug
21563,0,Mug
21564,0,Mug
21565,0,Mug
21566,0,Mug
21567,0,Mug
21568,0,Mug
21569,0,Mug
21570,0,Mug
21571,0,Mug
21572,0,Mug
21573,0,Mug
21574,0,Mug
21575,0,Mug
21576,0,Mug
21577,0,Mug
21578,0,Mug
21579,0,Mug
21580,0,Mug
21581,0,Mug
21582,0,Mug
21583,0,Mug
21584,0,Mug
21585,0,Mug
21586,0,Mug
21587,0,Mug
21588,0,Mug
21589,0,Mug
21590,0,Mug
21591,0,Mug
21592,0,Mug
21593,0,Mug
21594,0,Mug
21595,0,Mug
21596,0,Mug
21597,0,Mug
21598,0,Mug
21599,0,Mug
21600,0,Mug
21601,0,Mug
21602,0,Mug
21603,0,Mug
21604,0,Mug
21605,0,Mug
21606,0,Mug
21607,0,Mug
21608,0,Mug
21609,0,Mug
21610,0,Mug
21611,0,Mug
21612,0,Mug
21613,0,Mug
21614,0,Mug
21615,0,Mug
21616,0,Mug
21617,0,Mug
21618,0,Mug
21619,0,Mug
21620,0,Mug
21621,0,Mug
21622,0,Mug
21623,0,Mug
21624,0,Mug
21625,0,Mug
21626,0,Mug
21627,0,Mug
21628,0,Mug
21629,0,Mug
21630,0,Mug
21631,0,Mug
21632,0,Mug
21633,0,Mug
21634,0,Mug
21635,0,Mug
21636,0,Mug
21637,0,Mug
21638,0,Mug
21639,0,Mug
21640,0,Mug
21641,0,Mug
21642,0,Mug
21643,0,Mug
21644,0,Mug
21645,0,Mug
21646,0,Mug
21647,0,Mug
21648,0,Mug
21649,0,Mug
21650,0,Mug
21651,0,Mug
21652,0,Mug
21653,0,Mug
21654,0,Mug
21655,0,Mug
21656,0,Mug
21657,0,Mug
21658,0,Mug
21659,0,Mug
21660,0,Mug
21661,0,Mug
21662,0,Mug
21663,0,Mug
21664,0,Mug
21665,0,Mug
21666,0,Mug
21667,0,Mug
21668,0,Mug
21669,0,Mug
21670,0,Mug
21671,0,Mug
21672,0,Mug
21673,0,Mug
21674,0,Mug
21675,0,Mug
21676,0,Mug
21677,0,Mug
21678,0,Mug
21679,0,Mug
21680,0,Mug
21681,0,Mug
21682,0,Mug
21683,0,Mug
21684,0,Mug
21685,0,Mug
21686,0,Mug
21687,0,Mug
21688,0,Mug
21689,0,Mug
21690,0,Mug
21691,0,Mug
21692,0,Mug
21693,0,Mug
21694,0,Mug
21695,0,Mug
21696,0,Mug
21697,0,Mug
21698,0,Mug
21699,0,Mug
21700,0,Mug
21701,0,Mug
21702,0,Mug
21703,0,Mug
21704,0,Mug
21705,0,Mug
21706,0,Mug
21707,0,Mug
21708,0,Mug
21709,0,Mug
21710,0,Mug
21711,0,Mug
21712,0,Mug
21713,0,Mug
21714,0,Mug
21715,0,Mug
21716,0,Mug
21717,0,Mug
21718,0,Mug
21719,0,Mug
21720,0,Mug
21721,0,Mug
21722,0,Mug
21723,0,Mug
21724,0,Mug
21725,0,Mug
21726,0,Mug
21727,0,Mug
21728,0,Mug
21729,0,Mug
21730,0,Mug
21731,0,Mug
21732,0,Mug
21733,0,Mug
21734,0,Mug
21735,0,Mug
21736,0,Mug
21737,0,Mug
21738,0,Mug
21739,0,Mug
21740,0,Mug
21741,0,Mug
21742,0,Mug
21743,0,Mug
21744,0,Mug
21745,0,Mug
21746,0,Mug
21747,0,Mug
21748,0,Mug
21749,0,Mug
21750,0,Mug
21751,0,Mug
21752,0,Mug
21753,0,Mug
21754,0,Mug
21755,0,Mug
21756,0,Mug
21757,0,Mug
21758,0,Mug
21759,0,Mug
21760,0,Mug
21761,0,Mug
21762,0,Mug
21763,0,Mug
21764,0,Mug
21765,0,Mug
21766,0,Mug
21767,0,Mug
21768,0,Mug
21769,0,Mug
21770,0,Mug
21771,0,Mug
21772,0,Mug
21773,0,Mug
21774,0,Mug
21775,0,Mug
21776,0,Mug
21777,0,Mug
21778,0,Mug
21779,0,Mug
21780,0,Mug
21781,0,Mug
21782,0,Mug
21783,0,Mug
21784,0,Mug
21785,0,Mug
21786,0,Mug
21787,0,Mug
21788,0,Mug
21789,0,Mug
21790,0,Mug
21791,0,Mug
21792,0,Mug
21793,0,Mug
21794,0,Mug
21795,0,Mug
21796,0,Mug
21797,0,Mug
21798,0,Mug
21799,0,Mug
21800,0,Mug
21801,0,Mug
21802,0,Mug
21803,0,Mug
21804,0,Mug
21805,0,Mug
21806,0,Mug
21807,0,Mug
21808,0,Mug
21809,0,Mug
21810,0,Mug
21811,0,Mug
21812,0,Mug
21813,0,Mug
21814,0,Mug
21815,0,Mug
21816,0,Mug
21817,0,Mug
21818,0,Mug
21819,0,Mug
21820,0,Mug
21821,0,Mug
21822,0,Mug
21823,0,Mug
21824,0,Mug
21825,0,Mug
21826,0,Mug
21827,0,Mug
21828,0,Mug
21829,0,Mug
21830,0,Mug
21831,0,Mug
21832,0,Mug
21833,0,Mug
21834,0,Mug
21835,0,Mug
21836,0,Mug
21837,0,Mug
21838,0,Mug
21839,0,Mug
21840,0,Mug
21841,0,Mug
21842,0,Mug
21843,0,Mug
21844,0,Mug
21845,0,Mug
21846,0,Mug
21847,0,Mug
21848,0,Mug
21849,0,Mug
21850,0,Mug
21851,0,Mug
21852,0,Mug
21853,0,Mug
21854,0,Mug
21855,0,Mug
21856,0,Mug
21857,0,Mug
21858,0,Mug
21859,0,Mug
21860,0,Mug
21861,0,Mug
21862,0,Mug
21863,0,Mug
21864,0,Mug
21865,0,Mug
21866,0,Mug
21867,0,Mug
21868,0,Mug
21869,0,Mug
21870,0,Mug
21871,0,Mug
21872,0,Mug
21873,0,Mug
21874,0,Mug
21875,0,Mug
21876,0,Mug
21877,0,Mug
21878,0,Mug
21879,0,Mug
21880,0,Mug
21881,0,Mug
21882,0,Mug
21883,0,Mug
21884,0,Mug
21885,0,Mug
21886,0,Mug
21887,0,Mug
22446,0,Mug
22447,0,Mug
22448,0,Mug
22449,0,Mug
22450,0,Mug
22451,0,Mug
22452,0,Mug
22453,0,Mug
22454,0,Mug
22455,0,Mug
22456,0,Mug
22457,0,Mug
22458,0,Mug
22459,0,Mug
22460,0,Mug
22461,0,Mug
22462,0,Mug
22463,0,Mug
22464,0,Mug
22465,0,Mug
22466,0,Mug
22467,0,Mug
22468,0,Mug
22469,0,Mug
22470,0,Mug
22471,0,Mug
22472,0,Mug
22473,0,Mug
22474,0,Mug
22475,0,Mug
22476,0,Mug
22477,0,Mug
22478,0,Mug
22479,0,Mug
22480,0,Mug
22481,0,Mug
22482,0,Mug
22483,0,Mug
22484,0,Mug
22485,0,Mug
22486,0,Mug
22487,0,Mug
22488,0,Mug
22489,0,Mug
22490,0,Mug
22491,0,Mug
22492,0,Mug
22493,0,Mug
22494,0,Mug
22495,0,Mug
22496,0,Mug
22497,0,Mug
22498,0,Mug
22499,0,Mug
22500,0,Mug
22501,0,Mug
22502,0,Mug
22503,0,Mug
22504,0,Mug
22505,0,Mug
22506,0,Mug
22507,0,Mug
22508,0,Mug
22509,0,Mug
22510,0,Mug
22511,0,Mug
22512,0,Mug
22513,0,Mug
22514,0,Mug
22515,0,Mug
22516,0,Mug
22517,0,Mug
22518,0,Mug
22519,0,Mug
22520,0,Mug
22521,0,Mug
22522,0,Mug
22523,0,Mug
22524,0,Mug
22525,0,Mug
22526,0,Mug
22527,0,Mug
22528,0,Mug
22529,0,Mug
22530,0,Mug
22531,0,Mug
22532,0,Mug
22533,0,Mug
22534,0,Mug
22535,0,Mug
22536,0,Mug
22537,0,Mug
22538,0,Mug
22539,0,Mug
22540,0,Mug
22541,0,Mug
22542,0,Mug
22543,0,Mug
22544,0,Mug
22545,0,Mug
22546,0,Mug
22547,0,Mug
22548,0,Mug
22549,0,Mug
22550,0,Mug
22551,0,Mug
22552,0,Mug
22553,0,Mug
22554,0,Mug
22555,0,Mug
22556,0,Mug
22557,0,Mug
22558,0,Mug
22559,0,Mug
22560,0,Mug
22561,0,Mug
22562,0,Mug
22563,0,Mug
22564,0,Mug
22565,0,Mug
22566,0,Mug
22567,0,Mug
22568,0,Mug
22569,0,Mug
22570,0,Mug
22571,0,Mug
22572,0,Mug
22573,0,Mug
22574,0,Mug
22575,0,Mug
22576,0,Mug
22577,0,Mug
22578,0,Mug
22579,0,Mug
22580,0,Mug
22581,0,Mug
22582,0,Mug
22583,0,Mug
22584,0,Mug
22585,0,Mug
22586,0,Mug
22587,0,Mug
22588,0,Mug
22589,0,Mug
22590,0,Mug
22591,0,Mug
22592,0,Mug
22593,0,Mug
22594,0,Mug
22595,0,Mug
22596,0,Mug
22597,0,Mug
22598,0,Mug
22599,0,Mug
22600,0,Mug
22601,0,Mug
22602,0,Mug
22603,0,Mug
22604,0,Mug
22605,0,Mug
22606,0,Mug
22607,0,Mug
22608,0,Mug
22609,0,Mug
22610,0,Mug
22611,0,Mug
22612,0,Mug
22613,0,Mug
22614,0,Mug
22615,0,Mug
22616,0,Mug
22617,0,Mug
22618,0,Mug
22619,0,Mug
22620,0,Mug
22621,0,Mug
22622,0,Mug
22623,0,Mug
22624,0,Mug
22625,0,Mug
22626,0,Mug
22627,0,Mug
22628,0,Mug
22629,0,Mug
22630,0,Mug
22631,0,Mug
22632,0,Mug
22633,0,Mug
22634,0,Mug
22635,0,Mug
22636,0,Mug
22637,0,Mug
22638,0,Mug
22639,0,Mug
22640,0,Mug
22641,0,Mug
22642,0,Mug
22643,0,Mug
22644,0,Mug
22645,0,Mug
22646,0,Mug
22647,0,Mug
22648,0,Mug
22649,0,Mug
22650,0,Mug
22651,0,Mug
22652,0,Mug
22653,0,Mug
22654,0,Mug
22655,0,Mug
22656,0,Mug
22657,0,Mug
22658,0,Mug
22659,0,Mug
22660,0,Mug
22661,0,Mug
22662,0,Mug
22663,0,Mug
22664,0,Mug
22665,0,Mug
22666,0,Mug
22667,0,Mug
22668,0,Mug
22669,0,Mug
22670,0,Mug
22671,0,Mug
22672,0,Mug
22673,0,Mug
22674,0,Mug
22675,0,Mug
22676,0,Mug
22677,0,Mug
22678,0,Mug
22679,0,Mug
22680,0,Mug
22681,0,Mug
22682,0,Mug
22683,0,Mug
22684,0,Mug
22685,0,Mug
22686,0,Mug
22687,0,Mug
22688,0,Mug
22689,0,Mug
22690,0,Mug
22691,0,Mug
22692,0,Mug
22693,0,Mug
22694,0,Mug
22695,0,Mug
22696,0,Mug
22697,0,Mug
22698,0,Mug
22699,0,Mug
22700,0,Mug
22701,0,Mug
22702,0,Mug
22703,0,Mug
22704,0,Mug
22705,0,Mug
22706,0,Mug
22707,0,Mug
22708,0,Mug
22709,0,Mug
22710,0,Mug
22711,0,Mug
22712,0,Mug
22713,0,Mug
22714,0,Mug
22715,0,Mug
22716,0,Mug
22717,0,Mug
22718,0,Mug
22719,0,Mug
22720,0,Mug
22721,0,Mug
22722,0,Mug
22723,0,Mug
22724,0,Mug
22725,0,Mug
22726,0,Mug
22727,0,Mug
22728,0,Mug
22729,0,Mug
22730,0,Mug
22731,0,Mug
22732,0,Mug
22733,0,Mug
22734,0,Mug
22735,0,Mug
22736,0,Mug
22737,0,Mug
22738,0,Mug
22739,0,Mug
22740,0,Mug
22741,0,Mug
22742,0,Mug
22743,0,Mug
22744,0,Mug
22745,0,Mug
22746,0,Mug
22747,0,Mug
22748,0,Mug
22749,0,Mug
22750,0,Mug
22751,0,Mug
22752,0,Mug
22753,0,Mug
22754,0,Mug
22755,0,Mug
22756,0,Mug
22757,0,Mug
22758,0,Mug
22759,0,Mug
22760,0,Mug
22761,0,Mug
22762,0,Mug
22763,0,Mug
22764,0,Mug
22765,0,Mug
22766,0,Mug
22767,0,Mug
22768,0,Mug
22769,0,Mug
22770,0,Mug
22771,0,Mug
22772,0,Mug
22773,0,Mug
22774,0,Mug
22775,0,Mug
22776,0,Mug
22777,0,Mug
22778,0,Mug
22779,0,Mug
22780,0,Mug
22781,0,Mug
22782,0,Mug
22783,0,Mug
22784,0,Mug
22785,0,Mug
22786,0,Mug
22787,0,Mug
22788,0,Mug
22789,0,Mug
22790,0,Mug
22791,0,Mug
22792,0,Mug
22793,0,Mug
22794,0,Mug
22795,0,Mug
22796,0,Mug
22797,0,Mug
22798,0,Mug
22799,0,Mug
22800,0,Mug
22801,0,Mug
22802,0,Mug
22803,0,Mug
22804,0,Mug
22805,0,Mug
22806,0,Mug
22807,0,Mug
22808,0,Mug
22809,0,Mug
22810,0,Mug
22811,0,Mug
22812,0,Mug
22813,0,Mug
22814,0,Mug
22815,0,Mug
22816,0,Mug
22817,0,Mug
22818,0,Mug
22819,0,Mug
22820,0,Mug
22821,0,Mug
22822,0,Mug
22823,0,Mug
22824,0,Mug
22825,0,Mug
22826,0,Mug
22827,0,Mug
22828,0,Mug
22829,0,Mug
22830,0,Mug
22831,0,Mug
22832,0,Mug
22833,0,Mug
22834,0,Mug
22835,0,Mug
22836,0,Mug
22837,0,Mug
22838,0,Mug
22839,0,Mug
22840,0,Mug
22841,0,Mug
22842,0,Mug
22843,0,Mug
22844,0,Mug
22845,0,Mug
22846,0,Mug
22847,0,Mug
22848,0,Mug
22849,0,Mug
22850,0,Mug
22851,0,Mug
22852,0,Mug
22853,0,Mug
22854,0,Mug
22855,0,Mug
22856,0,Mug
22857,0,Mug
22858,0,Mug
22859,0,Mug
22860,0,Mug
22861,0,Mug
22862,0,Mug
22863,0,Mug
22864,0,Mug
22865,0,Mug
22866,0,Mug
22867,0,Mug
22868,0,Mug
22869,0,Mug
22870,0,Mug
22871,0,Mug
22872,0,Mug
22873,0,Mug
22874,0,Mug
22875,0,Mug
22876,0,Mug
22877,0,Mug
22878,0,Mug
22879,0,Mug
22880,0,Mug
22881,0,Mug
22882,0,Mug
22883,0,Mug
22884,0,Mug
22885,0,Mug
22886,0,Mug
22887,0,Mug
22888,0,Mug
22889,0,Mug
22890,0,Mug
22891,0,Mug
22892,0,Mug
22893,0,Mug
22894,0,Mug
22895,0,Mug
22896,0,Mug
22897,0,Mug
22898,0,Mug
22899,0,Mug
22900,0,Mug
22901,0,Mug
22902,0,Mug
22903,0,Mug
22904,0,Mug
22905,0,Mug
22906,0,Mug
22907,0,Mug
22908,0,Mug
22909,0,Mug
22910,0,Mug
22911,0,Mug
22912,0,Mug
22913,0,Mug
22914,0,Mug
22915,0,Mug
22916,0,Mug
22917,0,Mug
22918,0,Mug
22919,0,Mug
22920,0,Mug
22921,0,Mug
22922,0,Mug
22923,0,Mug
22924,0,Mug
22925,0,Mug
22926,0,Mug
22927,0,Mug
22928,0,Mug
22929,0,Mug
22930,0,Mug
22931,0,Mug
22932,0,Mug
22933,0,Mug
22934,0,Mug
22935,0,Mug
22936,0,Mug
22937,0,Mug
22938,0,Mug
22939,0,Mug
22940,0,Mug
22941,0,Mug
22942,0,Mug
22943,0,Mug
22944,0,Mug
22945,0,Mug
22946,0,Mug
22947,0,Mug
22948,0,Mug
22949,0,Mug
22950,0,Mug
22951,0,Mug
22952,0,Mug
22953,0,Mug
22954,0,Mug
22955,0,Mug
22956,0,Mug
22957,0,Mug
22958,0,Mug
22959,0,Mug
22960,0,Mug
22961,0,Mug
22962,0,Mug
22963,0,Mug
22964,0,Mug
22965,0,Mug
22966,0,Mug
22967,0,Mug
22968,0,Mug
22969,0,Mug
22970,0,Mug
22971,0,Mug
22972,0,Mug
22973,0,Mug
22974,0,Mug
22975,0,Mug
22976,0,Mug
22977,0,Mug
22978,0,Mug
22979,0,Mug
22980,0,Mug
22981,0,Mug
22982,0,Mug
22983,0,Mug
22984,0,Mug
22985,0,Mug
23544,0,Mug
23545,0,Mug
23546,0,Mug
23547,0,Mug
23548,0,Mug
23549,0,Mug
23550,0,Mug
23551,0,Mug
23552,0,Mug
23553,0,Mug
23554,0,Mug
23555,0,Mug
23556,0,Mug
23557,0,Mug
23558,0,Mug
23559,0,Mug
23560,0,Mug
23561,0,Mug
23562,0,Mug
23563,0,Mug
23564,0,Mug
23565,0,Mug
23566,0,Mug
23567,0,Mug
23568,0,Mug
23569,0,Mug
23570,0,Mug
23571,0,Mug
23572,0,Mug
23573,0,Mug
23574,0,Mug
23575,0,Mug
23576,0,Mug
23577,0,Mug
23578,0,Mug
23579,0,Mug
23580,0,Mug
23581,0,Mug
23582,0,Mug
23583,0,Mug
23584,0,Mug
23585,0,Mug
23586,0,Mug
23587,0,Mug
23588,0,Mug
23589,0,Mug
23590,0,Mug
23591,0,Mug
23592,0,Mug
23593,0,Mug
23594,0,Mug
23595,0,Mug
23596,0,Mug
23597,0,Mug
23598,0,Mug
23599,0,Mug
23600,0,Mug
23601,0,Mug
23602,0,Mug
23603,0,Mug
23604,0,Mug
23605,0,Mug
23606,0,Mug
23607,0,Mug
23608,0,Mug
23609,0,Mug
23610,0,Mug
23611,0,Mug
23612,0,Mug
23613,0,Mug
23614,0,Mug
23615,0,Mug
23616,0,Mug
23617,0,Mug
23618,0,Mug
23619,0,Mug
23620,0,Mug
23621,0,Mug
23622,0,Mug
23623,0,Mug
23624,0,Mug
23625,0,Mug
23626,0,Mug
23627,0,Mug
23628,0,Mug
23629,0,Mug
23630,0,Mug
23631,0,Mug
23632,0,Mug
23633,0,Mug
23634,0,Mug
23635,0,Mug
23636,0,Mug
23637,0,Mug
23638,0,Mug
23639,0,Mug
23640,0,Mug
23641,0,Mug
23642,0,Mug
23643,0,Mug
23644,0,Mug
23645,0,Mug
23646,0,Mug
23647,0,Mug
23648,0,Mug
23649,0,Mug
23650,0,Mug
23651,0,Mug
23652,0,Mug
23653,0,Mug
23654,0,Mug
23655,0,Mug
23656,0,Mug
23657,0,Mug
23658,0,Mug
23659,0,Mug
23660,0,Mug
23661,0,Mug
23662,0,Mug
23663,0,Mug
23664,0,Mug
23665,0,Mug
23666,0,Mug
23667,0,Mug
23668,0,Mug
23669,0,Mug
23670,0,Mug
23671,0,Mug
23672,0,Mug
23673,0,Mug
23674,0,Mug
23675,0,Mug
23676,0,Mug
23677,0,Mug
23678,0,Mug
23679,0,Mug
23680,0,Mug
23681,0,Mug
23682,0,Mug
23683,0,Mug
23684,0,Mug
23685,0,Mug
23686,0,Mug
23687,0,Mug
23688,0,Mug
23689,0,Mug
23690,0,Mug
23691,0,Mug
23692,0,Mug
23693,0,Mug
23694,0,Mug
23695,0,Mug
23696,0,Mug
23697,0,Mug
23698,0,Mug
23699,0,Mug
23700,0,Mug
23701,0,Mug
23702,0,Mug
23703,0,Mug
23704,0,Mug
23705,0,Mug
23706,0,Mug
23707,0,Mug
23708,0,Mug
23709,0,Mug
23710,0,Mug
23711,0,Mug
23712,0,Mug
23713,0,Mug
23714,0,Mug
23715,0,Mug
23716,0,Mug
23717,0,Mug
23718,0,Mug
23719,0,Mug
23720,0,Mug
23721,0,Mug
23722,0,Mug
23723,0,Mug
23724,0,Mug
23725,0,Mug
23726,0,Mug
23727,0,Mug
23728,0,Mug
23729,0,Mug
23730,0,Mug
23731,0,Mug
23732,0,Mug
23733,0,Mug
23734,0,Mug
23735,0,Mug
23736,0,Mug
23737,0,Mug
23738,0,Mug
23739,0,Mug
23740,0,Mug
23741,0,Mug
23742,0,Mug
23743,0,Mug
23744,0,Mug
23745,0,Mug
23746,0,Mug
23747,0,Mug
23748,0,Mug
23749,0,Mug
23750,0,Mug
23751,0,Mug
23752,0,Mug
23753,0,Mug
23754,0,Mug
23755,0,Mug
23756,0,Mug
23757,0,Mug
23758,0,Mug
23759,0,Mug
23760,0,Mug
23761,0,Mug
23762,0,Mug
23763,0,Mug
23764,0,Mug
23765,0,Mug
23766,0,Mug
23767,0,Mug
23768,0,Mug
23769,0,Mug
23770,0,Mug
23771,0,Mug
23772,0,Mug
23773,0,Mug
23774,0,Mug
23775,0,Mug
23776,0,Mug
23777,0,Mug
23778,0,Mug
23779,0,Mug
23780,0,Mug
23781,0,Mug
23782,0,Mug
23783,0,Mug
23784,0,Mug
23785,0,Mug
23786,0,Mug
23787,0,Mug
23788,0,Mug
23789,0,Mug
23790,0,Mug
23791,0,Mug
23792,0,Mug
23793,0,Mug
23794,0,Mug
23795,0,Mug
23796,0,Mug
23797,0,Mug
23798,0,Mug
23799,0,Mug
23800,0,Mug
23801,0,Mug
23802,0,Mug
23803,0,Mug
23804,0,Mug
23805,0,Mug
23806,0,Mug
23807,0,Mug
23808,0,Mug
23809,0,Mug
23810,0,Mug
23811,0,Mug
23812,0,Mug
23813,0,Mug
23814,0,Mug
23815,0,Mug
23816,0,Mug
23817,0,Mug
23818,0,Mug
23819,0,Mug
23820,0,Mug
23821,0,Mug
23822,0,Mug
23823,0,Mug
23824,0,Mug
23825,0,Mug
23826,0,Mug
23827,0,Mug
23828,0,Mug
23829,0,Mug
23830,0,Mug
23831,0,Mug
23832,0,Mug
23833,0,Mug
23834,0,Mug
23835,0,Mug
23836,0,Mug
23837,0,Mug
23838,0,Mug
23839,0,Mug
23840,0,Mug
23841,0,Mug
23842,0,Mug
23843,0,Mug
23844,0,Mug
23845,0,Mug
23846,0,Mug
23847,0,Mug
23848,0,Mug
23849,0,Mug
23850,0,Mug
23851,0,Mug
23852,0,Mug
23853,0,Mug
23854,0,Mug
23855,0,Mug
23856,0,Mug
23857,0,Mug
23858,0,Mug
23859,0,Mug
23860,0,Mug
23861,0,Mug
23862,0,Mug
23863,0,Mug
23864,0,Mug
23865,0,Mug
23866,0,Mug
23867,0,Mug
23868,0,Mug
23869,0,Mug
23870,0,Mug
23871,0,Mug
23872,0,Mug
23873,0,Mug
23874,0,Mug
23875,0,Mug
23876,0,Mug
23877,0,Mug
23878,0,Mug
23879,0,Mug
23880,0,Mug
23881,0,Mug
23882,0,Mug
23883,0,Mug
23884,0,Mug
23885,0,Mug
23886,0,Mug
23887,0,Mug
23888,0,Mug
23889,0,Mug
23890,0,Mug
23891,0,Mug
23892,0,Mug
23893,0,Mug
23894,0,Mug
23895,0,Mug
23896,0,Mug
23897,0,Mug
23898,0,Mug
23899,0,Mug
23900,0,Mug
23901,0,Mug
23902,0,Mug
23903,0,Mug
23904,0,Mug
23905,0,Mug
23906,0,Mug
23907,0,Mug
23908,0,Mug
23909,0,Mug
23910,0,Mug
23911,0,Mug
23912,0,Mug
23913,0,Mug
23914,0,Mug
23915,0,Mug
23916,0,Mug
23917,0,Mug
23918,0,Mug
23919,0,Mug
23920,0,Mug
23921,0,Mug
23922,0,Mug
23923,0,Mug
23924,0,Mug
23925,0,Mug
23926,0,Mug
23927,0,Mug
23928,0,Mug
23929,0,Mug
23930,0,Mug
23931,0,Mug
23932,0,Mug
23933,0,Mug
23934,0,Mug
23935,0,Mug
23936,0,Mug
23937,0,Mug
23938,0,Mug
23939,0,Mug
23940,0,Mug
23941,0,Mug
23942,0,Mug
23943,0,Mug
23944,0,Mug
23945,0,Mug
23946,0,Mug
23947,0,Mug
23948,0,Mug
23949,0,Mug
23950,0,Mug
23951,0,Mug
23952,0,Mug
23953,0,Mug
23954,0,Mug
23955,0,Mug
23956,0,Mug
23957,0,Mug
23958,0,Mug
23959,0,Mug
23960,0,Mug
23961,0,Mug
23962,0,Mug
23963,0,Mug
23964,0,Mug
23965,0,Mug
23966,0,Mug
23967,0,Mug
23968,0,Mug
23969,0,Mug
23970,0,Mug
23971,0,Mug
23972,0,Mug
23973,0,Mug
23974,0,Mug
23975,0,Mug
23976,0,Mug
23977,0,Mug
23978,0,Mug
23979,0,Mug
23980,0,Mug
23981,0,Mug
23982,0,Mug
23983,0,Mug
23984,0,Mug
23985,0,Mug
23986,0,Mug
23987,0,Mug
23988,0,Mug
23989,0,Mug
23990,0,Mug
23991,0,Mug
23992,0,Mug
23993,0,Mug
23994,0,Mug
23995,0,Mug
23996,0,Mug
23997,0,Mug
23998,0,Mug
23999,0,Mug
24000,0,Mug
24001,0,Mug
24002,0,Mug
24003,0,Mug
24004,0,Mug
24005,0,Mug
24006,0,Mug
24007,0,Mug
24008,0,Mug
24009,0,Mug
24010,0,Mug
24011,0,Mug
24012,0,Mug
24013,0,Mug
24014,0,Mug
24015,0,Mug
24016,0,Mug
24017,0,Mug
24018,0,Mug
24019,0,Mug
24020,0,Mug
24021,0,Mug
24022,0,Mug
24023,0,Mug
24024,0,Mug
24025,0,Mug
24026,0,Mug
24027,0,Mug
24028,0,Mug
24029,0,Mug
24030,0,Mug
24031,0,Mug
24032,0,Mug
24033,0,Mug
24034,0,Mug
24035,0,Mug
24036,0,Mug
24037,0,Mug
24038,0,Mug
24039,0,Mug
24040,0,Mug
24041,0,Mug
24042,0,Mug
24043,0,Mug
24044,0,Mug
24045,0,Mug
24046,0,Mug
24047,0,Mug
24048,0,Mug
24049,0,Mug
24050,0,Mug
24051,0,Mug
24052,0,Mug
24053,0,Mug
24054,0,Mug
24055,0,Mug
24056,0,Mug
24057,0,Mug
24058,0,Mug
24059,0,Mug
24060,0,Mug
24061,0,Mug
24062,0,Mug
24063,0,Mug
24064,0,Mug
24065,0,Mug
24066,0,Mug
24067,0,Mug
24068,0,Mug
24069,0,Mug
24070,0,Mug
24071,0,Mug
24072,0,Mug
24073,0,Mug
24074,0,Mug
24075,0,Mug
24076,0,Mug
24077,0,Mug
24078,0,Mug
24079,0,Mug
24080,0,Mug
24081,0,Mug
24082,0,Mug
24083,0,Mug
24084,0,Mug
24085,0,Mug
24086,0,Mug
24087,0,Mug
24088,0,Mug
24089,0,Mug
24090,0,Mug
24091,0,Mug
24092,0,Mug
24093,0,Mug
24094,0,Mug
24095,0,Mug
24096,0,Mug
24097,0,Mug
24098,0,Mug
24099,0,Mug
24100,0,Mug
24101,0,Mug
